phone_whatsapp,wa_verified,school_name,city,country,segment,lpr_name,lpr_instagram,school_instagram,website,lpr_status,hook,source_url,source,branches,google_rating,google_reviews,ig_followers,runs_ads,scale_score,tier,extra_phones
+77070706500,true,New Generation (Новое поколение),Алматы,KZ,abroad,Бахытжамал Сыздыкова,@bakhytsyzdykova,@ngec.kz,https://ngec.kz,A,"с 1999 года, авторизованный центр British Council",https://ngec.kz/,wa_link,2,,,17000,yes,7,whale,+77070043151;+77718509522;+77057076600;+77172972034;+77182511512;+77072633959;+77076103633
+996557117118,false,Ask Consulting,Бишкек,KG,abroad,Askat Kubanychbekov,@askatkubanychbekov,@ask_consulting.kg,https://www.ask.kg,A,"149K подписчиков в Instagram, 7 филиалов в 4 странах",https://www.ask.kg/contacts,tel_link,7,,,149000,no,7,whale,+996704117118
+77005069545,true,EduStream,Алматы,KZ,abroad,Наталья Мухамеджанова,,@edustream.kz,https://edustream.kz,B,"партнер British Council, офисы в Алматы и Астане",https://edustream.kz/,wa_link,2,,,23000,yes,7,whale,+77002456809;+77071014290;+77470941885;+77771973386;+77071203064;+77172572005
+77718080828,true,GSC Study,Астана,KZ,abroad,Венера Байжигитова,,@gscstudy,https://gscstudy.com,B,"Сеть в Астане и Алматы, 86K подписчиков Instagram",https://gscstudy.com/,wa_link,2,,,86000,yes,7,whale,
+77773556156,true,Caspian Training Group,Атырау,KZ,abroad,Дортман Инна Владимировна,,@caspian_training,https://www.ctgroup.kz,B,"20+ лет, центры в Алматы и Атырау, авторизованный центр British Council",https://www.ctgroup.kz/,wa_link,5,,,,yes,7,whale,+77750970135;+77717902033;+77717902034;+77122204997;+77773556154;+77750301919
+996559700800,false,Logos School,Бишкек,KG,abroad,Алтынбек Бегалиев,,@logos.group,https://logos-school.kg,B,5 филиалов в Бишкеке и офис в Алматы,https://logos-school.kg/,tel_link,5,,,44000,yes,7,whale,+996705700801;+996509176999;+996707963015;+77021683290
+77009176137,true,DNK Studio,Караганда,KZ,abroad,Наталья Приз,,@dnk_studio_krg,http://dnkstudio.kz,B,"45k IG, 3 филиала, 9 лет на рынке",http://dnkstudio.kz/,wa_link,3,,,45000,yes,7,whale,
+77714381278,false,Oxford Team,Усть-Каменогорск,KZ,abroad,Евгений Наказненко,,@oxfordteamkz,https://oxford-team.kz,B,"12 филиалов в Усть-Каменогорске, Риддере и области",https://oxford-team.kz/,site_text,12,,,25000,yes,7,whale,+77773164077;+77083654485;+77477994197;+77078491454;+77073626714;+77073626715;+77073626717;+77771383270;+77056542845
+77029339933,true,Miss Akzharkyn & Ko,Шымкент,KZ,abroad,Акжаркын,,@missakzharkyn.ielts,https://missakzharkyn.kz,B,"Сеть из 4 филиалов в Шымкенте, партнёр IDP IELTS",https://missakzharkyn.kz/,wa_link,4,,,28000,yes,7,whale,+77478684242;+77027061919;+77012502550;+77012333030;+77028684242;+77252215027
+77777575757,true,InterPress International House,Алматы,KZ,ielts,Алла Липинская,,@interpress_official,https://www.interpress.kz,B,"5 филиалов, единственная в Средней Азии аккредитация International House",https://www.interpress.kz/,wa_link,5,,,25000,yes,7,whale,+77082231489;+77078833803;+77073377529;+77074499520;+77076677542;+77009661539
+77758849681,true,Step to English,Астана,KZ,ielts,Константин,,@steptoenglish,https://steptoenglish.kz,B,"10 школ в Казахстане и Праге, 15 000+ выпускников",https://steptoenglish.kz/,wa_link,10,,,,yes,7,whale,+77787757741;+77759060909
+77077650000,true,MIA Education,Семей,KZ,ielts,Махамбет Толегенулы,,@mia_education,https://miaeducation.kz,B,"5358 выпускников с 2019 года, партнёр British Council и IDP",https://miaeducation.kz/,wa_link,19,,,19000,yes,7,whale,
+77784484507,true,Destination,Уральск,KZ,ielts,Роман Лушаков,,@destination_kz,https://destination.kz,B,"10 филиалов в Уральске, 21 тыс подписчиков Instagram",https://yandex.kz/maps/org/yazykovaya_shkola_destination/36724036977/,wa_link,10,5.0,166,21000,yes,7,whale,+77009351797;+77075450404;+77784484501
+77002029312,false,Ustudy,Актау,KZ,ent,Бекешов Мирбек Балтабекович,,@ustudy.kz,https://ustudy.kz,B,"сеть ЕНТ-центров в 4 городах, партнёр НЦТ, 66k IG",https://aktau.spravker.ru/uchebnyie-tsentryi/,catalog,4,,,66000,yes,7,whale,
+77081714970,true,AIPLUS,Алматы,KZ,ent,Айбек Нурланулы и Айтолкын Калдыораз,,@aiplus.kz,https://aiplus.kz,B,"180K подписчиков Instagram, 6 филиалов, 614 грантников в 2023",https://mektep.aiplus.kz/?utm_source=aiplus.kz_seo,wa_link,6,,,180000,yes,7,whale,+77021725229;+77077053366;+77004982672
+77081786220,true,Tesla Education,Астана,KZ,ent,Айдос Сексеналы,,@tesla.education,https://teslaeducation.kz,B,"122 тыс. подписчиков, филиалы в Астане и Алматы",https://teslaeducation.kz/,wa_link,6,,,122000,yes,7,whale,+77077713113
+77770837971,false,Ustudy,Караганда,KZ,ent,Жанат Рахмани,,@ustudy.kz,https://ustudy.kz,B,"сеть центров тестирования с 2009 года, официальный партнёр НЦТ",https://karaganda.spravker.ru/dopolnitelnoe-obrazovanie/ustudy-1.htm,catalog,3,,,66000,yes,7,whale,
+77077053366,true,AIPLUS,Шымкент,KZ,ent,Айбек Нұрланұлы,,@aiplus.kz,https://aiplus.kz,B,"180 тыс. подписчиков Instagram, 3 филиала в Астане",https://school.aiplus.kz/kz/ent.php,wa_link,3,,,180000,yes,7,whale,+77007870264;+77081714970;+77008368433
+77779500022,true,UChina,Алматы,KZ,abroad,,,@uchina.kz,https://uchina.kz,C,"филиалы в 5 странах, 3000+ студентов в Китае",https://uchina.kz/uchina,wa_link,6,,,44000,yes,7,whale,+77779500007;+77779500016;+77020594380;+77020594376
+77072923030,false,NCF,Астана,KZ,abroad,,,@ncf.kz,https://ncf.education,C,"Филиалы в Алматы и Астане, партнёр центра TOEFL",https://ncf.education/astana,tel_link,2,,,80000,yes,7,whale,
+77780420444,true,InterPress IH Karaganda,Караганда,KZ,abroad,,,@interpress_ih_karaganda,https://ihkaraganda.kz,C,"2 филиала, аккредитованный центр IDP IELTS, на рынке с 2009",https://ihkaraganda.kz/,wa_link,2,,,14000,yes,7,whale,+77780504950;+77212504950;+77212504949;+77000504950
+77008022606,true,Just Speak It,Алматы,KZ,ielts,,,@just_speak_it,https://jsi.kz,C,8 филиалов в Алматы и 117 тыс подписчиков Instagram,https://jsi.kz/,wa_link,8,,,117000,yes,7,whale,+77005002606;+77004002606
+77073901201,false,Level UP Education,Алматы,KZ,ielts,,,@levelup.kz,https://level-up.kz,C,сеть из 3 школ в Алматы с 2009 года,https://level-up.kz/,tel_link,3,,,44000,yes,7,whale,+77273901201
+77003650020,true,Study Link,Алматы,KZ,ielts,,,@studylink.kz,https://studylink.kz,C,"30 школ в 11 городах, 29 лет на рынке",https://studylink.kz/,wa_link,30,,,2696,yes,7,whale,+77003650000;+77003650050;+77004650000;+77004650010;+77004650005;+77004680000;+77004690000
+77021941204,true,Study Link,Атырау,KZ,ielts,,,@studylink.atyrau,https://studylink.kz,C,"19 филиалов по Казахстану, работают с 1997 года",https://studylink.kz/atyrau,wa_link,19,,,16000,yes,7,whale,+77071941204;+77017709147
+77780145932,false,Language Link Атырау,Атырау,KZ,ielts,,,@languagelink_atyrau,https://www.languagelink.ru/centers/kazakhstan/atirau/,C,"международная сеть с 1975 года, 17 тыс. подписчиков в Instagram",https://www.languagelink.ru/centers/kazakhstan/atirau/,tel_link,,,,17000,yes,7,whale,+77028672193
+996998982889,true,Maximum English School,Бишкек,KG,ielts,,,@maximum_english_school_,https://maximumenglish.kg,C,"35 тыс подписчиков Instagram, лицензия МОиН КР",https://maximumenglish.kg/ru/,wa_link,,,,35000,yes,7,whale,+996556982889
+996778899816,true,British Study Community (BSC),Бишкек,KG,ielts,,,@bsc.kyrgyzstan,https://british-study.kg,C,"британская сеть школ, представительство в Бишкеке с 2018",https://british-study.kg/,wa_link,,,,124000,yes,7,whale,+996312663794
+77073649201,true,IDP IELTS Kazakhstan,Кызылорда,KZ,ielts,,,@idp.ielts.kazakhstan,https://ielts.kz,C,"IELTS-центры IDP в 7 городах, тестирование теперь и в Кызылорде",https://ielts.kz/novosti_1/privetstvuem-vseh-zhitelej-kyzylordy/,wa_link,7,,,73000,yes,7,whale,+77768631667;+77082231489
+77006010202,true,Study Link,Шымкент,KZ,ielts,,,@studylink_shym,https://studylink-shym.kz,C,"19 филиалов по Казахстану, на рынке с 1997 года",https://studylink-shym.kz/,wa_link,19,,,18000,yes,7,whale,+77003650000
+77086689143,true,IDP IELTS Kazakhstan,Шымкент,KZ,ielts,,,@idp.ielts.kazakhstan,https://ielts.kz,C,"экзаменационные центры IDP в 6 городах, 60000+ кандидатов",https://ielts.kz/contacts/,wa_link,6,,,73000,yes,7,whale,+77073649201;+77003276001
+77085121414,false,Aiplus,Актобе,KZ,ent,,,@aiplus.kz,https://aiplus.kz,C,"Сеть в 4 городах, отдельный номер в Актобе",https://mektep.aiplus.kz/?utm_source=aiplus.kz_seo,site_text,4,,,180000,yes,7,whale,
+77010825307,false,M&K,Алматы,KZ,abroad,Айгуль Калдыбаева,,@mkstudy.kz,http://mks.kz,B,"экзаменационный центр ETS и Pearson VUE, офисы в Алматы и Астане",http://mks.kz/,site_text,2,,,22000,yes,6,whale,+77014284886
+77076104040,true,Ivy Course,Астана,KZ,abroad,Гульмира Айдархановна Булкенеева,,@ivyleague_edu,https://ivycourse.kz,B,"Офисы в Алматы и Астане, 10 000+ студентов",https://ivycourse.kz/ru/welcome,wa_link,2,,,,yes,6,whale,
+77014284886,false,M&K,Астана,KZ,abroad,Айгуль Калдыбаева,,@mkstudy.kz,http://mks.kz,B,"Экзаменационный центр ETS с 2007 года, офисы в двух городах",http://mks.kz/,site_text,2,,,22000,yes,6,whale,+77010825307
+77054473644,true,INTELLECT (физико-математический центр),Астана,KZ,abroad,Ильяс Кайпбаев,,@fiz_mat_intellect,https://pmci.kz,B,"с 2009 года, 93% выпускников поступают на грант",https://pmci.kz/,wa_link,2,,,,yes,6,whale,
+996554900883,true,Kyrgyz Concept,Ош,KG,abroad,Эмиль Уметалиев,,@kyrgyzconcept,https://concept.kg,B,"36 лет на рынке, офисы в Бишкеке, Оше, Алматы",https://concept.kg/contacts/,wa_link,6,,,20000,yes,6,whale,+996701900883;+996777900883;+996557900883;+996312900883;+996553900885
+77053578428,false,Лидер плюс,Павлодар,KZ,ent,Айгуль Омарова,,@lider_plus_kz,https://liderplus.kz,B,"6 филиалов в 3 городах, 120 сотрудников",https://pavlodar.jsprav.ru/kursyi-ekstremalnogo-vozhdeniya/lider-plius-3/,site_text,6,,,11000,no,6,whale,+77477570155;+77751291928
+77471335788,true,Chinaland,Астана,KZ,abroad,,,@chinaland.kz,https://chinaland.kz,C,С 2014 г. 2000+ студентов на гранты в вузы Китая,https://chinaland.kz/,wa_link,2,,,8475,yes,6,whale,+77471335783;+77471335784;+77471335789
+77122213911,false,Students International,Атырау,KZ,abroad,,,,https://studinter.ru,C,"46 офисов включая Атырау, на рынке с 1992 года",https://studinter.ru/offices.html,tel_link,46,,,,yes,6,whale,+77785860903;+77015306306
+77073072434,true,Lingvoland,Караганда,KZ,abroad,,,@lingvoland,https://lingvoland.kz,C,"17 тыс подписчиков, 4500+ выпускников с 2009 года",https://lingvoland.kz/,wa_link,2,,,17000,yes,6,whale,
+77052117960,true,Study Link,Актау,KZ,ielts,,,@studylink.aktau,https://studylink.kz,C,"22 филиала по Казахстану, на рынке с 1997 года",https://studylink.kz/aktau,wa_link,22,,,,yes,6,whale,+77006010202
+77751389840,true,maklein,Астана,KZ,ielts,,,@maklein.kz,https://maklein.kz,C,"3 филиала в Астане, 7000+ студентов с 2016",https://maklein.kz/,wa_link,3,,,24000,yes,6,whale,+77752503511;+77002573439
+77005079015,true,Scholarships,Караганда,KZ,ielts,,,@scholarships.kz,https://scholarships.kz,C,3 школы в Караганде и собственная онлайн-платформа,https://scholarships.kz/,wa_link,3,,,,yes,6,whale,+77010041404;+77085079007;+77765079000;+77750309315
+77472296081,true,BeBest,Караганда,KZ,ielts,,,@be_best_school,https://bebestschool.kz,C,,https://bebestschool.kz/karaganda,wa_link,,,,,yes,6,whale,+77479150579;+77085003756
+77072502540,true,Study Link,Кызылорда,KZ,ielts,,,@studylink.kyzylorda,https://studylink.kz/kyzylorda,C,Сеть Study Link: обучение в 11 городах Казахстана,https://studylink.kz/kyzylorda,wa_link,11,,,14000,yes,6,whale,+77002062540;+77757902593;+77767892020;+77017709147
+77768351010,true,BEST,Усть-Каменогорск,KZ,ielts,,,@best1_ukg,https://best-ukg.kz,C,"8 филиалов, единственный авторизованный центр TOEFL и IELTS British Council",https://best-ukg.kz/,wa_link,8,,,,yes,6,whale,+77779962255
+77066120898,false,SIGMA,Алматы,KZ,ent,,,@sigmacenter.kz,https://sigmacenter.kz,C,"3 филиала в Алматы, работает с 2016 года",https://sigmacenter.kz/,tel_link,3,,,11000,yes,6,whale,+77071994703;+77066230219
+996700220044,true,Секом,Бишкек,KG,ent,,,@secom_kg,https://secom.kg,C,48k подписчиков в Instagram,https://secom.kg/,wa_link,,,,48000,yes,6,whale,+996220220044;+996550220044;+996221218603;+996559646002;+996778440022;+996508440022;+996707250066;+996559392218;+996706056156;+996776056156;+996507661177;+996776661177;+996700267365;+996700268181;+996776243624;+996706386635;+996550386635;+996708661199;+996778661199;+996709772681;+996755122136;+996222087144;+996706087144
+77055353553,true,"Академия ШАГ (IT Step, Малая компьютерная академия)",Астана,KZ,other,,,@itstep.astana,https://astana.itstep.org,C,"IT-образование для детей и взрослых с 1999 года, лицензированные программы",https://astana.itstep.org/contacts,wa_link,,,,,yes,6,whale,+77719365066;+77719365367;+77719499100
+996502113331,true,IT Step Academy Бишкек,Бишкек,KG,other,,,@itstep.bishkek,https://bishkek.itstep.org,C,"лицензия, 27 лет на рынке",https://bishkek.itstep.org/ru,wa_link,,,,,yes,6,whale,+996995113331;+996505113331;+996773810784
+77007187878,false,MentorMe,Алматы,KZ,abroad,Руслан Жексебайулы,@ruslan_jeksebai_uly,@mentorme_kz,https://mentorme.kz,A,"1000+ студентов в топ-вузах мира, партнёр ICEF",https://mentorme.kz/,tel_link,,,,,yes,5,whale,
+77009986193,true,Study IN,Алматы,KZ,abroad,Элина Марат,@elina.marat,@studyin_kz,http://study-in.kz,A,"2000+ студентов, 25 стран, 3 международные аккредитации",http://study-in.kz/,wa_link,,,,23000,yes,5,whale,+77475014240;+77074505193;+77007134879;+77471600950;+77006670959
+77014101505,true,Globus Education,Алматы,KZ,abroad,Даулет Асильбеков,,@globusedu,https://globusedu.kz,B,"с 1995 года, офисы Алматы/Астана/Павлодар, 140+ вузов в 14 странах",https://globusedu.kz/,wa_link,3,,,,yes,5,whale,+77017332423;+77073220002;+77075275818
+77470955415,true,Be Global Study Abroad,Алматы,KZ,abroad,Акмарал Сапанова,,@beglobal.kz,https://beglobal.kz,B,"более 10 лет на рынке, офисы Алматы и Астана; США/UK/Канада/ОАЭ/Австралия",https://beglobal.kz/,wa_link,2,,,5304,yes,5,whale,+77470955408;+77470955409
+77761115711,true,InterStudent,Астана,KZ,abroad,Гульден Мукатаева,,@interstudent.kz,https://interstudent.kz,B,"С 2008 года, 600+ университетов-партнёров, аккредитация ICEF",https://interstudent.kz/,wa_link,,,,16000,yes,5,whale,+77004653000;+77172313145
+77073220002,false,Globus Education,Астана,KZ,abroad,Даулет Асильбеков,,@globusedu,https://globusedu.kz,B,"Ежегодно ~250 студентов за рубеж, соучредитель ассоциации KAEA",https://globusedu.kz/kontakty/,tel_link,3,,,,yes,5,whale,+77014101505;+77017332423;+77075275818
+77078700300,true,Talent,Алматы,KZ,ielts,Елена Дружинина,,@talentcentre,https://talent.kz,B,"3 филиала, 50+ педагогов, более 10 000 выпускников",https://talent.kz/,wa_link,3,,,3431,yes,5,whale,+77027030707;+77077153900;+77076153900
+77077034041,true,English Club,Астана,KZ,ielts,Виктория Соболь,,@englishclub_astana,https://www.english-club.kz,B,3 филиала в Астане и собственная онлайн-платформа,https://www.english-club.kz/,wa_link,3,,,,no,5,whale,+77172395042;+77172386656;+77172201599;+77472401376;+77712829535
+77172466246,false,ELC,Астана,KZ,ielts,Шынгыс Асаинов,,,https://elca.kz,B,"31 968 выпускников, 12 лет, филиалы в Астане и Алматы",https://elca.kz/contacts.html,site_text,4,,,,yes,5,whale,+77172456256
+77476458139,false,Zerdeli Education,Шымкент,KZ,ielts,Тастанбеков Нургали Акимбаевич,,@zerdeli.shymkent,https://zerdeli.app,B,"5 филиалов, 50 000+ родителей выбрали центр",https://www.chastnye-shkoly.kz/chastnaya-shkola/zerdelishym,catalog,5,,,12000,no,5,whale,
+77079409066,true,Талан,Астана,KZ,ent,Адиль Айдарович,,@talan.edu.kz,https://ent-talan-edu.kz,B,"2 филиала в Астане, 10+ лет, 1000+ выпускников",https://ent-talan-edu.kz/,wa_link,2,,,29000,yes,5,whale,+77079409044;+77079409077;+77079409088;+77079409011
+77142914686,false,NotaBene,Костанай,KZ,ent,Александр Смирнов,,@notabene.kz,https://notabene.courses,B,"филиалы в 3 городах, 2600+ учеников только по математике",https://notabene.courses/kostanay/,tel_link,3,,,,yes,5,whale,+77071103535;+77075758595
+77152614514,false,NotaBene,Петропавловск,KZ,ent,Александр Смирнов,,@notabene.kz,https://notabene.courses,B,"Сеть ЕНТ/ЕГЭ в 3 городах, свой LMS, с 2015 года",https://notabene.courses/petropavlovsk/,tel_link,3,,,,yes,5,whale,+77071103535;+77075758595
+77476007813,true,A Level,Алматы,KZ,abroad,,,,https://alevel.kz,C,"1000+ выпускников ежегодно, кампусы в Алматы и Астане",https://alevel.kz/,wa_link,2,,,,yes,5,whale,+77073575790;+77073137413
+77006270010,false,Global Students,Алматы,KZ,abroad,,,@globalstudents.kz,https://globalstudents.kz,C,"филиалы в Алматы, Астане и Измире; обучение в Турции и Чехии",https://globalstudents.kz/,tel_link,3,,,,yes,5,whale,
+996771912109,true,Корейский институт в Центральной Азии,Бишкек,KG,abroad,,,@kkc_kica,https://kica.kg,C,"2 филиала в Бишкеке, партнёр 20+ вузов Кореи",https://kica.kg/,wa_link,2,,,,no,5,whale,+996770555412;+996312381744;+996312381753
+77076621703,true,Opportunity,Актау,KZ,ielts,,,@english.aktau.opportunity,https://englishinaktau.kz,C,"самая крупная сеть языковых школ Мангыстау, 3 филиала",https://englishinaktau.kz/,wa_link,3,,,,yes,5,whale,+77077203421;+77076058890;+77054741818;+77475167110
+77078457383,true,English House,Актобе,KZ,ielts,,,@english_house_kz,https://e24.kz,C,"школа с 2010 года, онлайн-филиалы по городам РК",https://e24.kz/aktobe,wa_link,9,,,6247,no,5,whale,+77018457383
+77074454991,true,A&F Education,Алматы,KZ,ielts,,,@af.education,https://a-f.kz,C,"3 филиала в Алматы, на рынке с 1992 года",https://a-f.kz/,wa_link,3,,,12000,no,5,whale,+77772688076;+77774071424;+77715725540
+77001120162,false,Chels (Language Partners),Алматы,KZ,ielts,,,@chels.kz,https://chels.kz,C,"два офиса в Алматы, обучили 20 компаний с 2007 года",https://chels.kz/,tel_link,2,,,,yes,5,whale,+77075683698;+77273296173
+77474236912,false,Telc,Алматы,KZ,ielts,,,@telckz,https://telc.kz,C,"филиалы в Алматы и Астане, своя онлайн-платформа",https://telc.kz/,tel_link,2,,,28000,yes,5,whale,+77712764353;+77005005420
+996700890405,true,International Language House (ILH),Бишкек,KG,ielts,,,@ilhsuper,http://english.on.kg,C,"Лицензированный языковой центр, 10+ лет на рынке",http://english.on.kg/,wa_link,,,,,yes,5,whale,+996500890405;+996555890405;+996701890405
+77076236243,true,New York English School,Караганда,KZ,ielts,,,@english_new_york,https://n-y.kz,C,"5 филиалов в Караганде, представитель British Council",https://n-y.kz/,wa_link,5,,,,yes,5,whale,
+77076343767,true,Эрудит,Алматы,KZ,ent,,,@erudit.kz,https://erudit.kz,C,"многопрофильный центр с 2016 года, 5 WhatsApp-линий",https://erudit.kz/,wa_link,3,,,11000,yes,5,whale,+77477777515;+77066230218;+77066230219;+77066120898
+77273454005,false,NotaBene,Алматы,KZ,ent,,,@notabene.kz,https://notabene.courses,C,11 лет на рынке,https://notabene.courses/,tel_link,,,,,yes,5,whale,+77071103535;+77075758595
+77051929912,true,Eco-Service,Алматы,KZ,ent,,,@ecoservice.kz,https://eco-service.kz,C,,https://eco-service.kz/podgotovka-k-ent/,wa_link,,,,,yes,5,whale,+77079079454
+77054081438,false,EasyENT,Астана,KZ,ent,,,@easyent_,https://easyent.kz,C,46 тыс. подписчиков IG и ~2000 выпускников-грантников,https://easyent.kz/,site_text,,,,46000,yes,5,whale,+77015240292
+996500493000,true,Домашка Help,Бишкек,KG,ent,,,@domashkahelp,https://domashka.edu.kg,C,31k подписчиков в Instagram,https://domashka.edu.kg/,wa_link,,,,31000,yes,5,whale,+996555791100;+996704493000;+996775443000;+996554493000;+996550493000
+996990977780,true,Highlight,Бишкек,KG,ent,,,@highlight.kg,https://highlight.kg,C,"109k подписчиков в Instagram, ОсОО",https://highlight.kg/ru,wa_link,,,,109000,no,5,whale,+996550161206
+77003081616,true,Dostyq (Достық),Уральск,KZ,ent,,,@dostyq.oral,https://dostyq-bilim.kz,C,"21 центр в 15 городах, 100 000+ учеников",https://dostyq.online/ru,wa_link,21,,,,yes,5,whale,+77074221919
+77755227733,false,Advance,Алматы,KZ,other,,,,https://advancecenter.kz,C,"сеть центров интеллектуального развития (с 2014), 3500+ учеников, 11000+ выпускников",https://advancecenter.kz/,site_text,,,,,yes,5,whale,+77055227733;+77717091050;+77076856881;+77080252323;+77772252277
+77767048888,true,KIBERone (IT-школа программирования для детей),Астана,KZ,other,,,@astana.kiber.one,https://ru.kiber-one.kz,C,"международная IT-школа, 4 филиала в Астане, аккредитация Microsoft",https://ru.kiber-one.kz/,wa_link,4,,,,yes,5,whale,
+77075061539,false,IQ007 (школа скорочтения и развития интеллекта),Астана,KZ,other,,,,https://iq007.ru/citylist/astana,C,"сеть школ скорочтения/каллиграфии/интеллекта (680 филиалов, лицензия), филиалы в Астане",https://iq007.ru/citylist/astana,tel_link,,,,,yes,5,whale,+77780411007
+996559445555,true,Алгоритмика Бишкек,Бишкек,KG,other,,,@algoritmika.bishkek,https://bishkek.algoritmika.org,C,лицензия,https://bishkek.algoritmika.org/ru,wa_link,,,,,no,5,whale,
+77719902809,false,Advance (центр интеллектуального развития),Караганда,KZ,other,,,,https://advancecenter.kz,C,,https://advancecenter.kz/contacts.html,site_text,,,,,yes,5,whale,+77212974533
+77775555995,true,Академия ШАГ (IT STEP) Караганда,Караганда,KZ,other,,,@itstep.karaganda,https://karaganda.itstep.org,C,,https://karaganda.itstep.org/contacts,wa_link,,,,,yes,5,whale,+77775555605
+77076186118,false,IQ007,Уральск,KZ,other,,,@iq007uralsk_aksay,https://iq007.ru,C,"школа скорочтения, каллиграфии и развития интеллекта IQ007, филиал в Уральске",https://iq007.ru/citylist/uralsk,tel_link,,,,,yes,5,whale,+77771843553
+77775225372,false,IT Step Academy,Уральск,KZ,other,,,@itstep.uralsk,https://uralsk.itstep.org,C,27 лет на рынке,https://uralsk.itstep.org/ru,tel_link,,,,,yes,5,whale,
+77022470000,false,Coddy,Шымкент,KZ,other,,,,https://shymkent.coddyschool.com,C,,https://kursy-shymkent.kz/course/childs/programming-kids,catalog,,,,,no,5,whale,
+77772146385,true,A&T Smart Study,Алматы,KZ,abroad,Толкын Абильдаева,,@at_smart_study,https://atsmartstudy.com,B,"аккредитация ICEF, на конференциях ICEF с 2015 года",https://atsmartstudy.com/,wa_link,,,,,yes,4,whale,+77273546887
+77773522124,true,Get Education,Алматы,KZ,abroad,Дилором Досбаева,,@get.education,https://get-edu.kz,B,"15+ лет опыта сотрудников, ICEF, подготовка к Cambridge CELA",https://get-edu.kz/,wa_link,,,,,yes,4,whale,+77072445840;+77012249927;+77478549246;+77272445840
+77471335789,true,Chinaland,Алматы,KZ,abroad,Мусин Расул,,@chinaland.kz,https://chinaland.kz,B,2000+ студентов получили грант в Китай с 2014,https://chinaland.kz/,wa_link,,,,8475,yes,4,whale,+77471335788;+77471335783;+77471335784
+77001206301,true,Foundation2U,Астана,KZ,abroad,Бейсембетов И.К.,,,https://foundation2u.com,B,"Гослицензия МНВО РК, программа на базе Esil University",https://foundation2u.com/,wa_link,2,,,,no,4,whale,
+77719499898,false,Gaudeamus,Уральск,KZ,abroad,Антипова Фарида Якубовна,,@gaudeamus_world,https://gaudeamus.kz,B,"образовательный холдинг с 2008 года: Уральск, Атырау, Актау",https://gaudeamus.kz/contact/,site_text,3,,,,no,4,whale,
+77007721930,true,Truston Education,Астана,KZ,ielts,Ержан Жумамбаев,,@truston_edu,https://edu.truston.kz,B,"офисы в Астане и Алматы, активный рекламный лендинг",https://edu.truston.kz/anliiskii-v-astane,wa_link,2,,,,yes,4,whale,+77470940932;+77470940939;+77470940935
+77010834777,false,ZIYATKER,Шымкент,KZ,ielts,Олжас Биданов,,@ziyatker.mektebi,,B,"8 филиалов, 169 грантов НИШ у учеников",https://www.chastnye-shkoly.kz/chastnaya-shkola/ziyatkermektebi,catalog,8,4.9,,21000,no,4,whale,
+77081118444,true,UNIDEM,Алматы,KZ,ent,Роман Карякин,,@unidem_kz,https://unidem.kz,B,2 филиала и 11K подписчиков в Instagram,https://unidem.kz/,wa_link,2,,,11000,yes,4,whale,+77071017222;+77071014222
+77782580717,true,Daryn.online,Шымкент,KZ,ent,Айбек Куатбаев,,@daryn.online.ubt,https://daryn.online,B,онлайн-платформа ҰБТ плюс 2 центра в Шымкенте,https://daryn.online/,wa_link,3,,,9166,yes,4,whale,+77066660717
+77073405868,false,Education Industry,Актобе,KZ,abroad,,,@education.industry,https://www.educationindustry.net,C,сеть из 5 филиалов,https://www.educationindustry.net/,site_text,5,,,,no,4,whale,+77072632022;+77072652024;+77072632033;+77472632022;+77072652022;+77772632022;+77023528200
+77079090755,false,Logos,Алматы,KZ,abroad,,,@logosgroup.kz,https://logosgroup.kz,C,"на рынке с 2008, своя языковая школа плюс агентство",https://logosgroup.kz/,tel_link,,,,,yes,4,whale,+77021683290;+77272662311
+77009586473,true,Excourse,Алматы,KZ,abroad,,,@excourse.kz,https://excourse.kz,C,"Первый онлайн-сервис по поступлению в зарубежные вузы, +200 студентов, онлайн-платформа Excourse",https://excourse.kz/,wa_link,,,,,yes,4,whale,+77022393850;+77004881636
+77079515191,false,USL Kazakhstan,Алматы,KZ,abroad,,,@uslkz,https://usl.kz,C,"с 2002 года, аккредитовано ICEF; Швейцария/США/Канада/Германия/Нидерланды",https://usl.kz/,tel_link,,,,,yes,4,whale,+77272720102;+77272728917;+77056222218;+77013851306
+77029693298,true,Lingualand,Алматы,KZ,abroad,,,@lingualand,https://lingualand.kz,C,"с 2009 года, все сотрудники аккредитованы ICEF; школы и колледжи Европы/США/Канады",https://lingualand.kz/,wa_link,,,,,yes,4,whale,+77020000694
+77770213539,true,MyChina,Алматы,KZ,abroad,,,@mychina_world,https://mychina.kz,C,2720 студентов отправлены в Китай с 2010,https://mychina.kz/contacts/,wa_link,2,,,,no,4,whale,+77717626008
+77055589219,true,Grand Luxe,Костанай,KZ,abroad,,,@grandluxe.kz,https://grandluxe.kz,C,"Партнёр IDP IELTS, школы в Костанае и Рудном",https://taplink.cc/grandluxe.kz,wa_link,2,,,19000,no,4,whale,
+77058715359,true,Перспектива (УМЦ),Усть-Каменогорск,KZ,abroad,,,@umtsperspektiva,https://perspektiva.center,C,"16 лет на рынке, собственный сайт и домен",https://perspektiva.center/,wa_link,,,,,yes,4,whale,
+77717138883,false,Study Inn,Шымкент,KZ,abroad,,,@studyinn,https://studyinn.kz,C,"Образовательный холдинг с 2008 года, свой Cambridge Exam Centre",https://studyinn.kz/,site_text,,,,2410,no,4,whale,+77075522335;+77717722059;+77085850259;+77273410893;+77016547888;+77051370353
+77772166789,true,Lanto Education,Алматы,KZ,ielts,,,@lanto.kz,https://lanto.kz,C,готовит к IELTS и TOEFL с 2004 года,https://lanto.kz/,wa_link,,,,,yes,4,whale,
+77761235703,true,Lingaphone,Алматы,KZ,ielts,,,@lingaphonekz,https://lingaphone.kz,C,,https://lingaphone.kz/,wa_link,,,,,yes,4,whale,
+996770880099,true,Центр IELTS в Кыргызстане,Бишкек,KG,ielts,,,,https://ielts.kg,C,единственный аккредитованный British Council центр IELTS в КР,https://ielts.kg/,wa_link,,,,,yes,4,whale,+996701880099
+996553450989,true,JEDI (Жалал-Абадский институт образования и усовершенствования),Джалал-Абад,KG,ielts,,,@jedieducation2006,https://www.jedi.kg,C,собственный сайт с каталогом курсов; институт образования и усовершенствования в Жалал-Абаде,https://www.jedi.kg/view_course_ru.php?id=10,wa_link,2,,,,yes,4,whale,
+77010041405,false,Scholarships,Кызылорда,KZ,ielts,,,@scholarships.kz,https://scholarships.kz,C,"Авторизованный British Council регистрационный центр IELTS, обучаем с 2016 года",https://scholarships.kz/kyzylorda_online_ielts,tel_link,,,,,yes,4,whale,
+77475253857,true,InterGlobal,Семей,KZ,ielts,,,,,C,"3 филиала в Семее, на рынке с 2016 года",https://ig1semey.orgs.biz/,wa_link,3,,,,no,4,whale,+77073013672;+77084670863;+77475252857;+77076919737;+77076911937
+77767892020,true,Study Link,Уральск,KZ,ielts,,,@studylink_uralsk,https://studylink.kz/uralsk,C,сеть Study Link: свой LMS и личный кабинет студента,https://studylink.kz/uralsk,wa_link,,,,,yes,4,whale,+77769151838;+77017709147
+996504775557,true,School Club,Бишкек,KG,ent,,,@schoolclubkg,https://schoolclub.kg,C,"сеть из 5 филиалов, Лицензия E2020-0090 от 20.12.2020",https://schoolclub.kg/,wa_link,5,,,,no,4,whale,
+996553936082,true,Чудо-Чадо,Бишкек,KG,ent,,,@chudochado.kg,https://chudo-chado.kg,C,"Лицензия на право ведения образовательной деятельности, 27 лет на рынке",https://chudo-chado.kg/,wa_link,,,,,yes,4,whale,
+77076363613,false,Dostyq School Kyzylorda,Кызылорда,KZ,ent,,,@dostyq.kyzylorda,https://dostyqbilim.kz,C,Сеть «Достық»: 28 филиалов по Казахстану с 2003 года,https://ba.prg.kz/431010000-kyzylorda/210940030156-too-dostyq-school-kyzylorda/,catalog,28,,,8549,no,4,whale,+77242704084
+996772824808,true,Илим-Ош,Ош,KG,ent,,,@ilim_school,https://ilim.kg,C,"сеть из 2 филиалов, Лицензия МОиНКР № LB 145000141",https://mektep.pro/profile:1538/?hl=ru,wa_link,2,,,,no,4,whale,+996504821010;+996773689569
+77232703007,false,Ustudy,Усть-Каменогорск,KZ,ent,,,@ustudy_vko,https://ustudy.kz,C,"Региональный центр тестирования ВКО, официальный партнёр НЦТ",https://ust-kamenogorsk.spravka.kz/uchebnye-centry/regionalnyj-centr-testirovania-ustudy,tel_link,,,,,yes,4,whale,
+77059575150,false,IT STEP (Компьютерная Академия ШАГ),Алматы,KZ,other,,,@itstep.almaty,https://almaty.itstep.org,C,"международная IT-академия, работает с 1999 года, филиалы по Казахстану",https://almaty.itstep.org/,tel_link,,,,,no,4,whale,+77055936395
+77783095500,false,Leas,Алматы,KZ,other,,,@leas.kz,https://leas.kz,C,"робототехника и LEGO Education, официальный партнёр Lego, команды-победители First Lego League",https://leas.kz/,tel_link,,,,,yes,4,whale,+77772367070;+77770256161;+77279715351;+77279789596
+77027037636,false,Advance (центр интеллектуального развития),Астана,KZ,other,,,,https://advancecenter.kz,C,"сеть центров интеллектуального развития, работает с 2014 года, личный кабинет ученика",https://advancecenter.kz/ru,site_text,,,,,no,4,whale,+77755227733;+77055227733
+77084252291,true,Kinderly (сеть центров развития детей),Астана,KZ,other,,,@kinderly_astana,https://kinderly-astana.kz,C,7 филиалов в Астане (левый берег),https://kinderly-astana.kz/,wa_link,7,,,,yes,4,whale,+77007253535;+77172252291
+77070600504,false,Бэби-клуб (центр развития детей),Астана,KZ,other,,,,https://baby-club.ru/clubs/nursultan/13magistral/,C,"сеть центров развития малышей с 2000 года, клуб на 13 магистрали (Астана)",https://baby-club.ru/clubs/nursultan/13magistral/,tel_link,,,,,no,4,whale,+77172683753
+996708880141,false,KIBERone Бишкек,Бишкек,KG,other,,,@bishkek.kiber.one,https://kiber-one.kg,C,,https://kiber-one.kg/,tel_link,,,,,no,4,whale,
+996708007555,false,IQ007 Бишкек,Бишкек,KG,other,,,,https://iq007.ru,C,лицензия,https://iq007.ru/citylist/bishkek,tel_link,,,,,no,4,whale,
+77084396200,false,KIBERone Караганда,Караганда,KZ,other,,,@krg.kiber.one,https://karaganda.kiber-one.kz,C,,https://karaganda.kiber-one.kz/,tel_link,,,,,yes,4,whale,
+77077618757,true,FasTracKids Павлодар,Павлодар,KZ,other,,,@fastrackids_pavlodar,http://pavlodar.fastrackids.kz,C,,http://pavlodar.fastrackids.kz/,wa_link,,,,,no,4,whale,+77182618757
+77078865731,true,KnewIT,Усть-Каменогорск,KZ,other,,,@knewit.kz,https://knewit.kz/,C,"школа программирования для детей и подростков, есть филиалы",https://knewit.kz/obuchenie-programmirovaniyu-v-ust-kamenogorske/,wa_link,,,,,yes,4,whale,+77019380463
+77710833383,true,IT STEP Academy,Шымкент,KZ,other,,,@itstep.shymkent,https://shymkent.itstep.org,C,,https://shymkent.itstep.org/ru/contacts,wa_link,,,,,no,4,whale,+77719499600
+77711086998,true,Ronalyn English Academy,Актобе,KZ,ielts,Rona de Claro,@rona_de_claro,@ronalyn_aktobe,https://www.ronalyn-ielts.kz,A,"официальный центр сдачи IELTS (IDP), два филиала в Актобе",https://taplink.cc/ronalyn_aktobe,wa_link,2,,,6175,no,3,whale,+77029724608;+77010847797
+77785883388,false,Big Ben Group,Актобе,KZ,abroad,Aigul Tashenbayeva,,,,B,"2 филиала в Актобе, консультант с аккредитацией ICEF",https://educationagentsguide.com/kazakhstan/41418.htm,catalog,2,5.0,13,,no,3,whale,
+77075450404,true,Destination,Актобе,KZ,abroad,Роман Лушаков,,@destination.aktobe,,B,"сеть из 12 филиалов: Уральск, Аксай, Самара, Актобе",https://taplink.cc/destination.aktobe,wa_link,12,,,,no,3,whale,
+77752194343,true,Nova Education,Астана,KZ,abroad,Адилбек Садыков,,@novaedu.kz,https://novaedu.kz,B,"Агентство с аккредитацией ICEF, активная реклама Meta/Google",https://novaedu.kz/,wa_link,,,,20000,yes,3,whale,
+996700500300,true,World of Education,Бишкек,KG,abroad,Bolushbek Abdyzhaparov,,@woe.kg,https://woe.kg,B,с 2009 года отправили более 1500 студентов за рубеж,https://woe.kg/,wa_link,,,,,yes,3,whale,
+996775469111,true,K-Land Center,Ош,KG,abroad,Манишов Алтынбек Джанишбекович,,@k_land_center,https://k-land.center,B,350+ студентов поступили в вузы Кореи с 2018,https://k-land.center/,wa_link,,,,14000,no,3,whale,+996553469111
+77024818685,true,Fast Speak,Астана,KZ,ielts,Жанара Байшоканова,,@fast_speak_astana,https://fastspeak.kz,B,"13 000 подписчиков в Instagram, работает с 2011",https://fastspeak.kz/,wa_link,,,,13000,yes,3,whale,+77172628310
+77019814646,true,PREP School,Атырау,KZ,ielts,Роман Каримов,,@prepkz,https://prep.kz,B,курсы английского и регистрационный центр IELTS в Атырау,https://prep.kz/,wa_link,,,,,yes,3,whale,+77751200121;+77788981804
+77064105356,true,Bilim Station,Актобе,KZ,abroad,,,@bilim.station,https://bilimstation.kz,C,Отправляют студентов в Турцию с 2019 года,https://bilimstation.kz/,wa_link,,,,,yes,3,whale,+77083897279;+77476870269
+77019372130,true,Nihao,Астана,KZ,abroad,,,@nihao_edu,https://ni-hao.kz,C,"Аккредитация British Council, на рынке с 2011 года",http://ni-hao.kz/o-nas,wa_link,,,,,no,3,whale,+77014434929
+77782759915,true,Bilim EAC,Караганда,KZ,abroad,,,@bilimkaraganda,https://www.bilimkaraganda.org,C,"Центр EducationUSA, работает с 1995 года",https://www.bilimkaraganda.org/,wa_link,,,,3866,yes,3,whale,
+77001277788,false,GSC Study,Шымкент,KZ,abroad,,,@gscstudy,https://gscstudy.kz,C,,https://shymkent.spravker.ru/obuchenie-za-rubezhom/,catalog,,,,,yes,3,whale,
+77078332749,true,Hogwarts English School,Актобе,KZ,ielts,,,@hogwarts_englishschool_kz,https://hogwartss-edu.kz,C,"экзаменационный центр, партнёр IDP и Cambridge, 129 отзывов",https://hogwartss-edu.kz/hogwarts,wa_link,,4.9,129,3683,yes,3,whale,+77076562196
+77756662350,true,Fastrack International Language Centre,Алматы,KZ,ielts,,,@fastrack_centre,https://fastrack.kz,C,"12 тыс подписчиков Instagram, на рынке с 2006 года",https://fastrack.kz/,wa_link,,,,12000,yes,3,whale,+77273399175
+77786967502,true,World Citizen,Алматы,KZ,ielts,,,@world_citizen.kz,https://world-citizen.kz,C,"12 языков, школа работает с 2017 года",https://world-citizen.kz/,wa_link,,,,,yes,3,whale,
+77054986969,true,Study-YES (SYES),Алматы,KZ,ielts,,,@study_y.e.s,https://study-yes.kz,C,,https://www.study-yes.kz/,wa_link,,,,,yes,3,whale,
+77273292712,false,ELCA,Алматы,KZ,ielts,,,,https://elca.kz,C,,https://elca.kz/contacts.html,site_text,,,,,yes,3,whale,
+77000427788,true,Oxford,Астана,KZ,ielts,,,@oxford_astana,https://oxfordastana.kz,C,"8 филиалов в Астане, 10+ лет опыта",https://oxfordastana.kz/,wa_link,8,,,,no,3,whale,+77011889521
+77770110102,true,LTC,Астана,KZ,ielts,,,,,C,"4 филиала в Астане, более 10 лет обучения",https://taplink.cc/ltc.astana,wa_link,4,,,,no,3,whale,
+77073047899,true,Manhattan,Астана,KZ,ielts,,,@manhattan_school_astana,https://manhattan-school-translator.kz,C,17 лет на рынке,https://manhattan-school-translator.kz/,wa_link,,,,,yes,3,whale,+77073865520;+77172304789
+77013006780,false,British Council,Атырау,KZ,ielts,,,,,C,официальный центр приёма IELTS в Атырау,https://prep.kz/atyrau/,site_text,,,,,no,3,whale,+77013006781
+77025426990,true,Via Lingua,Караганда,KZ,ielts,,,@via_lingua,http://via-lingua.kz,C,Школа с 2011 года со своей командой клиентского сервиса,http://via-lingua.kz/,wa_link,,,,,yes,3,whale,+77014193280;+77774864722
+77787755580,true,TopTier,Караганда,KZ,ielts,,,@toptier_ielts,https://www.toptier.kz,C,Авторизованный регистрационный центр British Council по IELTS,https://www.toptier.kz/karaganda,wa_link,,,,,yes,3,whale,
+77762432264,true,SBTC,Караганда,KZ,ielts,,,@sbtc.kz,https://sbtc.kz,C,Более 32 лет обучают английскому в Караганде,https://sbtc.kz/ru/page/kontakty,wa_link,,,,6290,yes,3,whale,+77212432264
+77054241818,true,Perfect Study,Караганда,KZ,ielts,,,@perfectstudy.kz,https://perfectstudy.kz,C,,https://perfectstudy.kz/,wa_link,,,,,yes,3,whale,
+77003630408,true,Study On,Шымкент,KZ,ielts,,,@study_on_shym,https://study-on.kz,C,два филиала в Шымкенте,https://study-on.kz/,wa_link,22,,,1553,yes,3,whale,
+77779500511,true,EDTECH,Алматы,KZ,ent,,,@edtech_offline,https://edtech.kz,C,"2 филиала, ҰБТ-дайындық с гарантией поступления",https://edtech.kz/ru/,wa_link,2,,,,no,3,whale,+77779500502;+77779500512
+77003353428,true,OnStudy,Алматы,KZ,ent,,,,https://onstudy.kz,C,собственная онлайн-платформа ЕНТ с доступом 24/7,https://onstudy.kz/,wa_link,,,,,yes,3,whale,+77005555999
+77074381153,true,MIRAS Academy,Алматы,KZ,ent,,,@miras.academy,https://miras-edu.kz,C,,https://miras-edu.kz/,wa_link,,,,,yes,3,whale,+77002029324;+77002029389;+77477402209;+77007909030
+77751102223,false,Booster,Астана,KZ,ent,,,@booster_kz,https://booster-edu.kz,C,"3 филиала в Астане, 17 тыс. подписчиков Instagram",https://booster-edu.kz/,tel_link,3,,,17000,no,3,whale,
+77475556671,true,Честный образовательный центр,Караганда,KZ,ent,,,@today_education,,C,"филиалы в трёх городах, 15K подписчиков в Instagram",https://taplink.cc/today_education,wa_link,3,,,15000,no,3,whale,
+77003956509,false,КарТУ — подготовка к ЕНТ,Караганда,KZ,ent,,,@saginov.tech,https://kstu.kz,C,Государственный технический университет,https://www.kstu.kz/podgotovka-k-ent/?lang=ru,site_text,,,,,yes,3,whale,+77710310210
+77001250891,true,125 High School,Тараз,KZ,ent,,,@125highschool.kz,https://125highschool.kz,C,сеть из 17 филиалов,https://125highschool.kz/,wa_link,17,,,,no,3,whale,
+77002000421,true,Qiber School,Актау,KZ,other,,,@qiberschool,https://qiber.org,C,,https://qiber.org/contacts/,wa_link,,,,,yes,3,whale,
+77772039595,true,Alim Academy,Алматы,KZ,other,,,@alim_academy_almaty,https://alimacademy.kz,C,,https://alimacademy.kz/,wa_link,,,,,yes,3,whale,+77714446343
+77078144440,true,Bolashak School,Алматы,KZ,other,,,@schoolbolashak.kz,https://schoolbolashak.kz,C,"дополнительное образование, робототехника для школьников (Алматы, Астана)",https://schoolbolashak.kz/,wa_link,,,,,yes,3,whale,+77752977109;+77272203390
+77024899559,false,GENOM,Алматы,KZ,other,,,@genom.club,https://genom.club,C,"школа ментальной арифметики и скорочтения, онлайн-тренажёр (5000+ детей ежедневно)",https://genom.club/,tel_link,,,,,yes,3,whale,+77074899559
+77015722506,true,Funcode,Алматы,KZ,other,,,@funcode.kz,https://funcode.kz,C,"IT-школа для детей 6-17 лет, 20000+ выпускников, собственная платформа",https://funcode.kz/,wa_link,,,,,yes,3,whale,+77787497559
+77011201531,false,ISMA (ментальная арифметика),Астана,KZ,other,,,@isma_astana_official,https://ismakz.com,C,"международная сеть школ ментальной арифметики, филиал в Астане",https://ismakz.com/ru/contacts,site_text,,,,,yes,3,whale,
+996554556116,true,Точка Роста,Бишкек,KG,other,,,,https://tochka-rosta.kg,C,,https://tochka-rosta.kg/,wa_link,,,,,yes,3,whale,
+77472377773,false,Smartum,Тараз,KZ,other,,,@smartum_taraz,https://smartum.com.kz,C,"академия ментальной арифметики и мегапамяти, 2 центра в Таразе",https://smartum.com.kz/taraz_subdomain/contacts/taraz/,tel_link,2,,,,yes,3,whale,+77761170337
+77772796962,false,Smartum,Уральск,KZ,other,,,@smartum_kz_,https://smartum.com.kz,C,"академия ментальной арифметики Smartum, 2 центра в Уральске",https://smartum.com.kz/our-centers/uralsk_/,tel_link,2,,,,yes,3,whale,+77759907339;+77054440707
+77752245269,true,Пифагорка,Уральск,KZ,other,,,@pifagorka.oral,,C,,https://pifagorka-zko.orgs.biz/,wa_link,,,,,yes,3,whale,+77771819609;+77754999349;+77753208912;+77781676989
+77761170337,false,Smartum Шымкент,Шымкент,KZ,other,,,@smartum_kz_,https://smartum.com.kz,C,сеть из 2 филиалов,https://smartum.com.kz/shimkent_subdomain/contacts/shimkent/,tel_link,2,,,,yes,3,whale,+77768876688;+77758827557
+77003171020,true,Study in Chinas,Алматы,KZ,abroad,Нурсултан Сагындык,,,https://studyinchinas.com,B,Ежегодно зачисляет 1000+ студентов в вузы Китая,https://studyinchinas.com/,wa_link,,,,,yes,2,mid,
+77064284410,false,WeGlobal,Алматы,KZ,abroad,Ақжол Замбаев,,@weglobal.kz,https://weglobal.kz,B,собственная онлайн-платформа подготовки в Назарбаев Университет,https://weglobal.kz/,site_text,,,,4298,yes,2,mid,
+77087226076,true,Generation Centre,Астана,KZ,abroad,Гульмира Базарбаева,,@generation.centre,https://generation-centre.kz,B,"19 000 подписчиков, 3000+ подготовленных студентов",https://generation-centre.kz/,wa_link,,,,19000,no,2,mid,
+77770104646,true,Educ Way,Актобе,KZ,abroad,,,@educway.kz,https://educway.tilda.ws,C,"Филиалы в 4 городах: Актобе, Атырау, Актау, Шымкент",https://educway.tilda.ws/,wa_link,4,,,,no,2,mid,+77760924343;+77760924848;+77760924646;+77760924141
+77272221933,false,Alem Education,Актобе,KZ,abroad,,,,,C,Офисы в Алматы и Актобе,https://educationagentsguide.com/kazakhstan/alem_education.htm,catalog,2,,,,no,2,mid,
+77472000691,true,Studyroom,Алматы,KZ,abroad,,,@studyroom.kz,https://studyroom.kz,C,"образовательный центр в Алматы, зарубежное образование",https://studyroom.kz/,wa_link,,,,,yes,2,mid,+77074500451;+77072105115;+77279789030
+77005002146,true,Uniqu,Алматы,KZ,abroad,,,@uniqu.kz,https://uniqu.kz,C,970+ выпускников поступили; гранты и стипендии в Турцию/Китай/Италию,https://uniqu.kz/,wa_link,,,,,yes,2,mid,+77005008914;+77005008926
+77075260915,true,UniStudy,Алматы,KZ,abroad,,,@unistudy_kz,https://unistudy.kz,C,"образование за рубежом, консалтинг ICEF; Алматы и Астана",https://unistudy.kz/,wa_link,,,,,yes,2,mid,
+77017262014,true,Intellect,Алматы,KZ,abroad,,,@intellect_agency_kz,https://intellect.kz,C,"образовательное агентство (KAEA), аккредитация ICEF",https://intellect.kz/,wa_link,,,,,yes,2,mid,+77273751708;+77273753038
+77754443778,true,Green Step,Алматы,KZ,abroad,,,@greenstep_edu,https://greenstepedu.com,C,"9 лет на рынке, поступление в зарубежные вузы",https://greenstepedu.com/,wa_link,,,,,yes,2,mid,
+77077854070,false,ZStarKZ World education,Алматы,KZ,abroad,,,,https://www.zstar.kz,C,"2 филиала, международное образование и ЕНТ",https://www.zstar.kz/,tel_link,2,,,,no,2,mid,
+77015167508,false,Infinity,Астана,KZ,abroad,,,,https://ecinfinity.kz,C,"На рынке с 2008 г., собственный отдел обучения за рубежом",https://ecinfinity.kz/,tel_link,,,,,yes,2,mid,
+77000218899,true,UP2U,Атырау,KZ,abroad,,,@up2u_atyrau,https://uptou.kz,C,"обучение за рубежом, подготовка IELTS, стипендии и гранты",https://uptou.kz/,wa_link,,,,,yes,2,mid,
+996990045041,false,IELTS Academy,Бишкек,KG,abroad,,,@ielts.sensei,https://ielts-academykg.com,C,,https://ielts-academykg.com/,tel_link,,,,,yes,2,mid,
+996551447143,true,IQ Consulting,Бишкек,KG,abroad,,,@iq.consulting_,https://iq-consulting.kg,C,,https://iq-consulting.kg/,wa_link,,,,,no,2,mid,+996707005317
+77077506417,false,Langberry,Петропавловск,KZ,abroad,,,,https://langberry.kz,C,сеть языковых школ в 3+ городах Казахстана,https://web.archive.org/web/20251215225153/https://langberry.kz/contacts/mi-v-socsetyax,site_text,4,,,,no,2,mid,
+77018166364,false,InterClass,Актау,KZ,ielts,,,,http://interclass.kz/,C,,https://aktau.jsprav.ru/izuchenie-anglijskogo-yazyika/,site_text,,,,,no,2,mid,
+77754369220,true,Big Ben,Актобе,KZ,ielts,,,@english_bigben_aktobe,https://bigben.kz,C,сеть из 4 филиалов,https://bigben.kz/,wa_link,4,,,,no,2,mid,+77472148878;+77028962868;+77470263077
+77758872317,false,Асерас,Актобе,KZ,ielts,,,,,C,сеть из 3 филиалов,https://aktyubinsk.jsprav.ru/kursyi-inostrannyih-yazyikov/iazykovoi-tsentr-aseras-2/,site_text,3,,,,no,2,mid,
+77083437111,false,Next Level English,Алматы,KZ,ielts,,,@nextlevelenglish,https://nle.kz,C,,https://nle.kz/,tel_link,,,,,yes,2,mid,
+77023105445,false,FLC Education,Алматы,KZ,ielts,,,@flc_education,https://flc-edu.kz,C,,https://flc-edu.kz/,tel_link,,,,,yes,2,mid,
+77756697540,true,Lingvomania,Алматы,KZ,ielts,,,@lingvomania,https://lingvomania.kz,C,"2500+ студентов, на рынке с 2015 года",https://lingvomania.kz/,wa_link,,,,,yes,2,mid,+77070554512
+77000972710,true,Академия Роста,Астана,KZ,ielts,,,@a.rosta_cpp,https://a-rosta.kz,C,11 лет на рынке,https://a-rosta.kz/vse-kursy/yazykovye-kursy/,wa_link,,,,,yes,2,mid,
+77020296315,true,AngloClub,Астана,KZ,ielts,,,@angloclub.ast,https://angloclub.kz,C,"10+ лет опыта, 2000+ выпускников",https://angloclub.kz/,wa_link,,,,,no,2,mid,
+996555386666,true,Эклектика,Бишкек,KG,ielts,,,@eclectica.kg,https://eclectica.kg,C,,https://eclectica.kg/,wa_link,,,,,yes,2,mid,+996508200800;+996777364382;+996770200800;+996558200800;+996557200800;+996312364382
+996550915022,false,MLDC (Мейкерспейс АУЦА),Бишкек,KG,ielts,,,@mldc.auca.kg,https://mldc.auca.kg,C,учебный центр при Американском университете в Центральной Азии,https://mldc.auca.kg/,tel_link,,,,,no,2,mid,+996502915022;+996312915022
+996770802299,false,English Zone,Бишкек,KG,ielts,,,,,C,4 филиала в Бишкеке,https://kg.gorodwiki.ru/bishkek/english-zone-7998-otzyvy,site_text,4,,,,no,2,mid,
+996558131592,false,American School,Бишкек,KG,ielts,,,@americanschool.courses,,C,30 тыс подписчиков в Instagram,https://www.goldenpages.kg/ru/company/show/4483-american-school.html,site_text,,,,30000,no,2,mid,+996312908459;+996312561360
+77084669689,true,Формула успеха,Павлодар,KZ,ielts,,,@uspekhaformula,https://formulauspekha.kz,C,центр дополнительного образования,https://formulauspekha.kz/ru,wa_link,,,,7580,yes,2,mid,+77182669689;+77051624242;+77001624242
+77768314368,true,Немецкий языковой центр (Sprachlernzentrum Pawlodar),Павлодар,KZ,ielts,,,@slz_pawlodar,https://deutsch-zentrum.com,C,Goethe-Institut official partner,https://deutsch-zentrum.com/pawlodar-kontakt/?lang=ru,wa_link,,,,,no,2,mid,
+77051674849,false,Next,Павлодар,KZ,ielts,,,@english.next_pvl,,C,"2 филиала в Павлодаре, 8600+ подписчиков Instagram",https://pavlodar.jsprav.ru/kursy-delovogo-angliiskogo-iazyka/next-3/,site_text,2,,,8644,no,2,mid,
+77057750720,true,Language Transform,Петропавловск,KZ,ielts,,,,,C,"4 адреса, позиционируется как единственный IELTS-центр города",https://web.archive.org/web/20230923103836/https://petropavlmaps.ru/place/736-centr-razvitija-language-transform.html,wa_link,4,,,,no,2,mid,
+77054120771,true,Hampton School of Languages,Петропавловск,KZ,ielts,,,@hampton.school,https://hsl.kz,C,,https://hsl.kz/,wa_link,,,,,no,2,mid,
+77075174900,false,Smart,Шымкент,KZ,ielts,,,,,C,сеть из 2 филиалов,https://kursy-shymkent.kz/course/study/podgotovka-ktl-nish-nu-sdu-aristan-muit,tel_link,2,,,,no,2,mid,+77759391493
+77780012343,true,Speaking Time,Шымкент,KZ,ielts,,,@speaking_time,http://speakingtime.kz,C,"11 лет, 5000+ студентов, 300 учатся за рубежом",http://speakingtime.kz/,wa_link,,,,,yes,2,mid,
+77058945571,true,Oxana Son English School,Шымкент,KZ,ielts,,,@oxanason_english_school_kz,https://oxanason.kz,C,с 2014 года готовит к жизни за границей,https://oxanason.kz/,wa_link,,,,,yes,2,mid,
+77015702173,true,Білім,Актобе,KZ,ent,,,@bilim_aktobe,,C,"17 тыс. подписчиков, готовит к ЕНТ с 2006 года",https://taplink.cc/bilim_aktobe,wa_link,,,,17000,no,2,mid,+77074922976
+77789247750,false,Знание Актобе,Актобе,KZ,ent,,,@kursy_aktobe04,https://profi-kursy.kz,C,,https://profi-kursy.kz/kontakty,tel_link,,,,,no,2,mid,+77059683303;+77057691734;+77057691726
+77071444086,true,OKBolashak,Алматы,KZ,ent,,,@ok_bolashak,https://ok-bolashak.kz,C,2 филиала подготовки к ЕНТ в Алматы,https://ok-bolashak.kz/,wa_link,2,,,,no,2,mid,+77272212202
+77086519171,true,Sadirova's Center,Алматы,KZ,ent,,,@sadirova_ent_center,https://www.sadirovacenter.kz,C,Готовит к ЕНТ с 2017 года,https://www.sadirovacenter.kz/,wa_link,,,,,yes,2,mid,
+77071235813,true,Fibonacci,Алматы,KZ,ent,,,@fibonacci.centre,https://fibonacci.kz,C,репетиторский центр по математике/физике/химии с 2013 года,https://fibonacci.kz/,wa_link,,,,,yes,2,mid,+77473724523;+77770982499
+77780003625,true,Emtihan.kz,Алматы,KZ,ent,,,@emtihan.kz,https://emtihan.kz,C,,https://emtihan.kz/ru,wa_link,,,,,yes,2,mid,
+77026667182,false,Newton Kazakhstan,Алматы,KZ,ent,,,,https://newtonacademy.kz,C,3 филиала в Алматы,https://newtonacademy.kz/oferta-ala-rus,site_text,3,,,,no,2,mid,
+77475850405,true,Ақылды мектеп,Астана,KZ,ent,,,,https://aqyldymektep.kz,C,4 филиала в Астане,https://www.aqyldymektep.kz/assets/index-DTgFEpUx.js,wa_link,4,,,,no,2,mid,
+77007000303,false,Lets,Атырау,KZ,ent,,,@lets.atyrau,https://letsedu.kz,C,,https://atyrau.spravker.ru/detskie-razvivaiushchie/,catalog,,,,,no,2,mid,+77087116038
+77776551177,true,Умники и умницы,Петропавловск,KZ,ent,,,@r.z._umniki_i_umnicy,https://umniki.kz,C,"Детский центр, сеть в Петропавловске, подготовка к школе",https://umniki.kz/,wa_link,4,,,,no,2,mid,
+77071234493,true,Megamozg,Семей,KZ,ent,,,@megamozg_semey,https://mega-mozg.kz,C,,https://mega-mozg.kz/,wa_link,,,,,no,2,mid,+77051314491
+77053061123,false,Mega Kids,Актау,KZ,other,,,,,C,,https://aktau.spravker.ru/detskie-razvivaiushchie/,site_text,,,,,no,2,mid,
+77752064345,false,KIBERone,Актау,KZ,other,,,,,C,,https://aktau.spravker.ru/detskie-razvivaiushchie/,site_text,,,,,no,2,mid,
+77084309262,false,Роботрек Актау,Актау,KZ,other,,,,,C,,https://aktau.spravker.ru/detskie-razvivaiushchie/,site_text,,,,,no,2,mid,
+77014429559,false,IQ007 Актау,Актау,KZ,other,,,,,C,,https://aktau.spravker.ru/detskie-razvivaiushchie/,site_text,,,,,no,2,mid,
+77007877787,false,ISMA Актобе,Актобе,KZ,other,,,@isma.kerimai,https://ismakz.com,C,,https://ismakz.com/,site_text,,,,,no,2,mid,
+77079085229,false,Smartum Актобе,Актобе,KZ,other,,,@smartum_kz_,https://smartum.com.kz,C,,https://smartum.com.kz/aktobe_subdomain/kz/,tel_link,,,,,no,2,mid,
+77023220303,false,UCMAS Kazakhstan Актобе,Актобе,KZ,other,,,,,C,,https://lyubimiigorod.ru/aktobe/companies/13865,tel_link,,,,,no,2,mid,
+77475675626,false,KIBERone Актобе,Актобе,KZ,other,,,,,C,,https://aktobe.spravker.ru/detskie-razvivaiushchie/,site_text,,,,,no,2,mid,
+77710393998,false,Obrain,Актобе,KZ,other,,,,,C,,https://lyubimiigorod.ru/aktobe/companies/13865,tel_link,,,,,no,2,mid,
+77472425253,false,Obrain (Айтеке Би),Актобе,KZ,other,,,,,C,,https://lyubimiigorod.ru/aktobe/companies/13865,tel_link,,,,,no,2,mid,
+77056768807,false,FasTracKids Актобе,Актобе,KZ,other,,,,,C,,https://aktobe.spravker.ru/detskie-razvivaiushchie/,site_text,,,,,no,2,mid,
+77762517074,true,Wonderland,Алматы,KZ,other,,,@kids_wonder_almaty,https://wland.kz,C,"детский центр Wonderland, развитие детей 1-6 лет, продлёнка",https://wland.kz/,wa_link,,,,,yes,2,mid,
+77782684186,true,"Мол АйТи (Mol IT, школа программирования)",Астана,KZ,other,,,@molit.astana,https://kursgo.kz,C,,https://kursgo.kz/,wa_link,,,,,yes,2,mid,+77009120952
+77754567350,false,ROBOTEK (школа робототехники),Астана,KZ,other,,,@robotek.kz,https://robotek.kz,C,"школа робототехники в Астане, обучает с 2014 года (LEGO WeDo/Mindstorms)",https://robotek.kz/,tel_link,,,,,yes,2,mid,
+77059262125,false,Astrobot (школа робототехники),Астана,KZ,other,,,@astrobot.kz,https://astrobot.kz,C,"робототехника, программирование и 3D-печать для детей 5-16 лет",https://astrobot.kz/ru,site_text,,,,,yes,2,mid,
+77770338885,true,FasTracKids (центр раннего развития),Астана,KZ,other,,,,https://fastrackids.kz,C,"международная методика раннего развития, несколько центров в Астане (Бутина, Арена, Спутник)",https://fastrackids.kz/,wa_link,,,,,no,2,mid,
+77760773101,true,KIBERone,Атырау,KZ,other,,,@kiberone.atyrau,https://atyrau.kiber-one.kz/,C,,https://atyrau.kiber-one.kz/,wa_link,,,,,no,2,mid,
+77071023562,false,A-Pro Academy,Атырау,KZ,other,,,,,C,,https://atyrau.spravker.ru/detskie-razvivaiushchie/,catalog,,,,,no,2,mid,
+77084207006,false,Исма,Атырау,KZ,other,,,,,C,,https://atyrau.spravker.ru/detskie-razvivaiushchie/,catalog,,,,,no,2,mid,
+77753506895,false,Znamus,Атырау,KZ,other,,,,,C,,https://atyrau.spravker.ru/detskie-razvivaiushchie/,catalog,,,,,no,2,mid,
+77051943883,false,Эи Дети,Атырау,KZ,other,,,,,C,,https://atyrau.spravker.ru/detskie-razvivaiushchie/,catalog,,,,,no,2,mid,
+77012556749,false,Альтаир,Караганда,KZ,other,,,@altair_karaganda,https://altair2001.org,C,25 лет на рынке,https://www.altair2001.org/pages/contact-us?origin=topnav,site_text,,,,,no,2,mid,+77027631991
+77017643873,false,Personal,Караганда,KZ,other,,,@personal_kursy_krg,https://personal24.kz,C,27 лет на рынке,https://personal24.kz/karaganda,site_text,,,,,yes,2,mid,
+77781193031,false,ISMA Караганда (ментальная арифметика),Караганда,KZ,other,,,,https://ismakz.com,C,,https://ismakz.com/ru/contacts,site_text,,,,,no,2,mid,
+77779230252,false,ISMA,Костанай,KZ,other,,,@isma_kostanay,https://ismakz.com,C,,https://ismakz.com/ru/contacts,site_text,,,,,no,2,mid,+77766809343
+77766963232,false,Ucmas,Кызылорда,KZ,other,,,,,C,,https://kyzyloroda.spravker.ru/detskie-razvivaiushchie/,catalog,,,,,no,2,mid,+77783621888;+77769963232;+77713402752;+77012236153
+77758338825,false,Эрудит kids,Павлодар,KZ,other,,,@erudit_kids.pvl,,C,сеть из 2 филиалов,https://pavlodar.spravka.kz/nauka-i-obrazovanie/uchebnye-centry,site_text,2,,,,no,2,mid,
+77773826540,false,АзБуКа,Усть-Каменогорск,KZ,other,,,,,C,Учебный центр (2 адреса),https://ust-kamenogorsk.spravker.ru/uchebnyie-tsentryi/,catalog,,,,,no,2,mid,+77778212801
+77771530757,false,Учцентр АзБуКа,Усть-Каменогорск,KZ,other,,,,,C,"Учебный центр, филиал на Назарбаева 59",https://ust-kamenogorsk.spravker.ru/uchebnyie-tsentryi/,catalog,,,,,no,2,mid,+77774153636;+77772885890;+77056480617
+77778520098,false,UP-Grade,Усть-Каменогорск,KZ,other,,,@up_grade_uk,,C,"Курсы профессий (70 направлений), рассрочка Kaspi",https://ust-kamenogorsk.spravker.ru/uchebnyie-tsentryi/,catalog,2,,,9044,no,2,mid,
+77710723026,false,IT STEP,Усть-Каменогорск,KZ,other,,,@itstep.ust_kamenogorsk,https://uka.itstep.org/,C,,https://uka.itstep.org/ru/contacts,tel_link,,,,,yes,2,mid,
+77071502230,false,ISMA,Шымкент,KZ,other,,,@shymkent.isma,https://ismakz.com,C,,https://ismakz.com/ru/contacts,site_text,,,,,no,2,mid,+77029405508
+77012705544,false,Easy Education,Актау,KZ,abroad,,,@easyedu.kz,,C,экзаменационный центр TOEFL на базе центра в Актау,https://get-edu.kz/news/v-aktau-otkrylsya-ekzamenaczionnyj-czentr-toefl-v-easy-education/,catalog,,,,,no,1,mid,
+77005555999,true,OnStudy,Актобе,KZ,abroad,,,,https://onstudy.kz,C,,https://onstudy.kz/aktobe/podgotovka_k_ielts,wa_link,,,,,yes,1,mid,
+77014126583,false,ABSALAM,Алматы,KZ,abroad,,,,https://absalam.com.kz,C,,https://absalam.com.kz/,tel_link,,,,,yes,1,mid,+77273441072
+77785953063,false,A-Education,Алматы,KZ,abroad,,,@a_education,https://a-education.kz,C,на рынке образования с 2009 года,https://a-education.kz/,site_text,,,,,no,1,mid,
+77018050522,false,OK Study,Алматы,KZ,abroad,,,@okstudy.kz,https://okstudy.kz,C,"агентство по образованию за рубежом, поступление в университеты за границей",https://www.okstudy.kz/,tel_link,,,,,yes,1,mid,+77077107800
+77762228828,true,NEO Centre,Астана,KZ,abroad,,,@neo.centre,,C,"Курсы SAT, IELTS, NUFYP в Астане с 2016 года",https://neocentre.orgs.biz/,wa_link,,,,,no,1,mid,+77773072770
+77059895179,false,Московский международный университет (представительство Шымкент),Шымкент,KZ,abroad,,,,,C,,https://shymkent.spravker.ru/obuchenie-za-rubezhom/,catalog,,,,,no,1,mid,
+77013935063,true,English School,Актау,KZ,ielts,,,,,C,,https://englishclasses7292.orgs.biz/,wa_link,,,,,yes,1,mid,
+77009787835,true,Английская школа,Актау,KZ,ielts,,,,,C,,https://www.inaktau.kz/catalog/index/853264/castnaa-nacalnaa-i-srednaa-anglijskaa-skola-v-aktau,wa_link,,,,,yes,1,mid,+77292500521;+77292524137
+77754456558,false,English in Progress,Актау,KZ,ielts,,,@aktau_englishinprogress,https://englishinprogress.kz/,C,20 лет на рынке,https://aktau.jsprav.ru/izuchenie-anglijskogo-yazyika/,site_text,,,,,no,1,mid,+77473856175
+77054851405,true,LinguaTime School,Алматы,KZ,ielts,,,@linguatimeschool,https://linguatime.kz,C,,https://linguatime.kz/,wa_link,,,,,yes,1,mid,
+77019765703,true,LetsStudy,Алматы,KZ,ielts,,,@letsstudy.kz,,C,,http://letsstudykz.tilda.ws/,wa_link,,,,,no,1,mid,
+77082092564,true,Global Quest,Алматы,KZ,ielts,,,@globalquest_kz,https://www.globalquest.kz,C,,https://www.globalquest.kz/,wa_link,,,,,no,1,mid,+77056926777
+77772920330,false,Angelstream,Алматы,KZ,ielts,,,@angelstream,https://angelstream.com,C,,https://angelstream.com/,tel_link,,,,,yes,1,mid,+77272920330
+996701002777,false,The London School of Languages and Cultures,Бишкек,KG,ielts,,,,https://londonschool.kg,C,Сертифицированный центр ETS (TOEFL iBT),https://londonschool.kg/,site_text,,,,,no,1,mid,+996702366193;+996701033777;+996312545430;+996312544474;+996312545262
+996555711465,false,Express English,Бишкек,KG,ielts,,,,,C,23 лет на рынке,https://courses.kg/english/express-english/,site_text,,,,,no,1,mid,+996557676766
+996551151351,false,Solers,Бишкек,KG,ielts,,,,,C,,https://courses.kg/2015/02/solers/,site_text,,,,,no,1,mid,+996779164982;+996312299485
+996559300312,false,ANG Best Training,Бишкек,KG,ielts,,,,,C,,https://courses.kg/2014/08/ang-best-training/,site_text,,,,,no,1,mid,+996312589369
+996551887755,false,BeFree Edu,Бишкек,KG,ielts,,,@befree_edu,https://www.befreekg.com,C,23 тыс подписчиков в Instagram,https://befreekg.com/contacts.html,tel_link,,,,23000,no,1,mid,+996500887755;+996509887755;+996557237755;+996700509068;+996557509068
+996553552298,false,Cambridge School Bishkek,Бишкек,KG,ielts,,,@cambridgeschoolbishkek,,C,18 тыс подписчиков в Instagram,https://kirgizia.spr.ru/bishkek/cambridge-school.html,tel_link,,,,18000,no,1,mid,+996312430996;+996312430994
+77750300305,true,SpeakEng,Караганда,KZ,ielts,,,,https://speakeng.kz,C,,https://speakeng.kz/,wa_link,,,,,yes,1,mid,
+77056260758,true,Fox English Club,Костанай,KZ,ielts,,,,,C,"английский клуб в Костанае, подготовка к экзаменам (IELTS/TOEFL) и ЕНТ",https://club157184354.orgs.biz/,wa_link,,,,,yes,1,mid,+77077225791
+77474059811,false,Speak English,Костанай,KZ,ielts,,,@speak.44,,C,"19 тыс подписчиков в Instagram, курсы 7 языков",https://center-speak44.aqulas.me/,site_text,,,,19000,no,1,mid,
+77476688937,false,Азбука,Павлодар,KZ,ielts,,,,,C,,https://abcde--abcde.orgs.biz/,site_text,,,,,no,1,mid,+77074449670
+77082488422,true,Учазия,Петропавловск,KZ,ielts,,,@uch.asia,https://uch.asia,C,"Учебно-репетиторский центр: подготовка к ЕНТ/КТА, репетиторы по всем предметам",https://uch.asia/kontakty,wa_link,,,,,no,1,mid,+77715417427
+77783412483,false,Business IQ,Уральск,KZ,ielts,,,@business_iq_,https://biq.kz,C,,https://biq.kz/,tel_link,,,,,no,1,mid,+77770887030;+77122564117
+77029341311,true,C.L.A.S.,Уральск,KZ,ielts,,,,,C,,https://educationalcentreclas.orgs.biz/,wa_link,,,,,yes,1,mid,+77078685642;+77011540755
+77018683899,true,Damu Academy,Уральск,KZ,ielts,,,,,C,,https://english--college.orgs.biz/,wa_link,,,,,yes,1,mid,+77073198289
+77771776681,true,Headway,Усть-Каменогорск,KZ,ielts,,,,https://headway.kz,C,,https://headway.kz/,wa_link,,,,,yes,1,mid,
+77785120669,false,Nazarsh,Шымкент,KZ,ielts,,,,https://www.nazarsh.com,C,27 лет на рынке образовательных услуг,https://www.nazarsh.com/ielts,site_text,,,,,no,1,mid,+77057053131;+77055723721
+77079802060,false,Салем (Salem Social Village),Шымкент,KZ,ielts,,,@salemsocialvillage,http://salemsocialvillage.kz,C,самый большой ресурсный центр английского языка в Шымкенте,http://salemsocialvillage.kz/ssv_project/english-courses/,site_text,,,,,no,1,mid,+77053715041
+77252482297,false,Goldman Education,Шымкент,KZ,ielts,,,,,C,15 лет на рынке,https://kursy-shymkent.kz/course/foreign/%D0%B0%D0%BD%D0%B3%D0%BB%D0%B8%D0%B9%D1%81%D0%BA%D0%B8%D0%B9,catalog,,,,,no,1,mid,
+77713253274,false,Praxis,Шымкент,KZ,ielts,,,,,C,12 лет на рынке,https://kursy-shymkent.kz/course/foreign/%D0%B0%D0%BD%D0%B3%D0%BB%D0%B8%D0%B9%D1%81%D0%BA%D0%B8%D0%B9,catalog,,,,,no,1,mid,
+77132708088,false,Ақылды бала,Актобе,KZ,ent,,,,,C,13 лет на рынке,https://aktobe.iseducate.ru/uchebnye-tsentry/,tel_link,,,,,no,1,mid,
+996704251100,true,LevelGo,Бишкек,KG,ent,,,@levelgo.ort,https://levelgo.kg,C,,https://levelgo.kg/,wa_link,,,,,yes,1,mid,
+996990123333,false,Единство,Бишкек,KG,ent,,,@ofedinstvo,https://ed.kyrg.info,C,,https://ed.kyrg.info/obrazovanie/podgotovka-k-postupleniyu/,tel_link,,,,,yes,1,mid,+996223223333;+996312437287
+77081346607,true,Indigo,Кызылорда,KZ,ent,,,@indigo.kzo,,C,Учебный центр с 15 000 подписчиков в Instagram,https://taplink.cc/indigo.kzo,wa_link,,,,15000,no,1,mid,+77714808812
+77021733876,true,Ybyrai Akademiasy,Тараз,KZ,ent,,,,https://ybyrai.kz,C,,https://ybyrai.kz/,wa_link,,,,,yes,1,mid,
+77764041313,true,Отличник,Шымкент,KZ,ent,,,@otlichnik_shymkent,,C,,https://otlichnik-pi.vercel.app,wa_link,,,,,no,1,mid,
+77003470091,true,Space Kids,Алматы,KZ,other,,,@spacekids.kz,https://spacekids.kz,C,,https://spacekids.kz/,wa_link,,,,,yes,1,mid,
+77089367255,true,Robot.kz,Алматы,KZ,other,,,@robot.kz,https://robot.kz,C,"робототехника, робокласс для детей 7-14 лет",https://robot.kz/,wa_link,,,,,no,1,mid,
+77777157535,false,RobotX,Алматы,KZ,other,,,@robotx.kz,https://robotx.kz,C,курсы робототехники для детей 7-15 лет,https://www.robotx.kz/,tel_link,,,,,no,1,mid,+77273572337
+77475070705,false,Bala Land,Алматы,KZ,other,,,@bala_land_center,http://bala-land.kz,C,детский центр развития,http://bala-land.kz/,site_text,,,,,yes,1,mid,+77076080806
+77017883816,false,Монтессори-класс,Алматы,KZ,other,,,,http://montessori-almaty.kz,C,один из первых Монтессори-центров в Алматы (с 2005 года),http://www.montessori-almaty.kz/,site_text,,,,,no,1,mid,
+77016092552,false,Bambi,Астана,KZ,other,,,@bambi_official.kz,https://bambi-astana.kz,C,"детский образовательный центр развития на правом берегу Астаны, подготовка к школе",https://bambi-astana.kz/,site_text,,,,,yes,1,mid,
+77711035289,true,Harmony (центр скорочтения и развития),Астана,KZ,other,,,@harmony_education,https://harmony.kz,C,скорочтение и развитие памяти для детей и взрослых в Астане,https://harmony.kz/skorochtenie.html,wa_link,,,,,yes,1,mid,
+77751605378,true,Интеллект-сити (детский центр развития),Астана,KZ,other,,,@intellektcity,https://intellekt.centralschool.kz,C,детский центр развития на Богенбай батыра 56 (ЖК Фаворит),https://intellekt.centralschool.kz/,wa_link,,,,,yes,1,mid,+77013336815;+77172422066
+996999900542,false,GeekBrains Кыргызстан,Бишкек,KG,other,,,@geekbrains.kg,https://geekbrains.kg,C,,https://geekbrains.kg/contacts/,tel_link,,,,,yes,1,mid,+996999900540
+77761777709,false,Знатоки,Усть-Каменогорск,KZ,other,,,@znatokiclub,http://znatokiclub.kz/,C,10 лет на рынке,http://znatokiclub.kz/,site_text,,,,,no,1,mid,+77719139797
+77760550102,false,5ke.Kz,Актобе,KZ,abroad,,,,https://www.study-inn.kz,C,,https://aktobe.spravker.ru/uchebnyie-tsentryi/,site_text,,,,,no,0,base,
+77077702577,false,Oxford Vision,Актобе,KZ,abroad,,,,,C,,https://aktobe.spravker.ru/obuchenie-za-rubezhom/,catalog,,,,,no,0,base,
+77712908877,false,Step Up,Актобе,KZ,abroad,,,,,C,,https://aktobe.spravker.ru/obuchenie-za-rubezhom/,catalog,,,,,no,0,base,
+77088972594,true,Best Education,Актобе,KZ,abroad,,,,,C,,https://besteducationkz.orgs.biz/,wa_link,,,,,no,0,base,+77472491809
+77775054201,false,Inspire International,Актобе,KZ,abroad,,,,,C,,https://aktobe.spravker.ru/uchebnyie-tsentryi/,site_text,,,,,no,0,base,
+77782598888,false,EDUGRAD,Караганда,KZ,abroad,,,@edugrad.kz,https://edugrad.kz,C,,https://edugrad.kz/,site_text,,,,,no,0,base,+77758179999
+77084397686,false,Gotoamerika,Караганда,KZ,abroad,,,,,C,,https://karaganda.spravker.ru/obuchenie-za-rubezhom/,site_text,,,,,no,0,base,
+77784591028,false,Tan travel,Караганда,KZ,abroad,,,,,C,,https://karaganda.spravker.ru/obuchenie-za-rubezhom/,site_text,,,,,no,0,base,
+77010524884,false,Zagranizza,Караганда,KZ,abroad,,,,,C,,https://karaganda.spravker.ru/obuchenie-za-rubezhom/,site_text,,,,,no,0,base,
+77087620614,false,Chinese.kz,Караганда,KZ,abroad,,,,,C,,https://karaganda.spravker.ru/obuchenie-za-rubezhom/,site_text,,,,,no,0,base,
+77773357775,false,Columbus work travel,Караганда,KZ,abroad,,,,,C,,https://karaganda.spravker.ru/obuchenie-za-rubezhom/,site_text,,,,,no,0,base,
+77004832285,false,Unity School,Караганда,KZ,abroad,,,,,C,,https://karaganda.spravker.ru/obuchenie-za-rubezhom/,site_text,,,,,no,0,base,
+77011691626,false,Globus,Караганда,KZ,abroad,,,,,C,,https://karaganda.spravker.ru/obuchenie-za-rubezhom/,site_text,,,,,no,0,base,+77001691626
+77025457557,false,Leader English School,Караганда,KZ,abroad,,,,,C,,https://karaganda.spravker.ru/obuchenie-za-rubezhom/,site_text,,,,,no,0,base,
+77019839252,false,Maryadi Education & Tourism,Караганда,KZ,abroad,,,,,C,,https://karaganda.spravker.ru/obuchenie-za-rubezhom/,site_text,,,,,no,0,base,
+77077270940,false,Global Way,Караганда,KZ,abroad,,,,,C,,https://karaganda.spravker.ru/obuchenie-za-rubezhom/,site_text,,,,,no,0,base,
+77015380450,false,Гид Consult,Караганда,KZ,abroad,,,,,C,,https://karaganda.spravker.ru/obuchenie-za-rubezhom/,site_text,,,,,no,0,base,
+77762238806,false,Kolsh Education,Караганда,KZ,abroad,,,,,C,,https://karaganda.spravker.ru/obuchenie-za-rubezhom/,site_text,,,,,no,0,base,
+77078507079,false,Hirint,Караганда,KZ,abroad,,,,,C,,https://karaganda.spravker.ru/obuchenie-za-rubezhom/,site_text,,,,,no,0,base,
+77783889996,false,Агентство Зарубежного Образования,Караганда,KZ,abroad,,,,,C,,https://karaganda.spravker.ru/obuchenie-za-rubezhom/,site_text,,,,,no,0,base,
+77777850817,false,Центр международного обмена,Караганда,KZ,abroad,,,,,C,,https://karaganda.spravker.ru/obuchenie-za-rubezhom/,site_text,,,,,no,0,base,
+77713002518,false,Study Inn,Караганда,KZ,abroad,,,,,C,,https://karaganda.spravker.ru/obuchenie-za-rubezhom/,site_text,,,,,no,0,base,+77470949311
+77079895244,false,Gaucho Study,Караганда,KZ,abroad,,,,,C,,https://karaganda.spravker.ru/obuchenie-za-rubezhom/,site_text,,,,,no,0,base,
+77009914197,false,Центр чешского языка,Караганда,KZ,abroad,,,,,C,,https://karaganda.spravker.ru/obuchenie-za-rubezhom/,site_text,,,,,no,0,base,
+77779000049,true,Any Way,Костанай,KZ,abroad,,,,https://any-way.kz,C,,https://yandex.kz/maps/org/1743677039/,wa_link,,,,,no,0,base,
+77762637422,false,Work and Travel USA,Костанай,KZ,abroad,,,@workandtravel_kazakhstan,https://www.workandtravelusa.kz,C,,https://www.workandtravelusa.kz/kostanay,site_text,,,,,no,0,base,
+77017386428,false,Асыл Асет,Шымкент,KZ,abroad,,,,,C,,https://shymkent.spravker.ru/obuchenie-za-rubezhom/,catalog,,,,,no,0,base,
+77071684208,false,Delve Study,Шымкент,KZ,abroad,,,,,C,,https://shymkent.spravker.ru/obuchenie-za-rubezhom/,catalog,,,,,no,0,base,+77782813171
+77017770308,false,Crystal,Шымкент,KZ,abroad,,,,,C,,https://shymkent.spravker.ru/obuchenie-za-rubezhom/,catalog,,,,,no,0,base,
+77750008275,false,Global Education,Шымкент,KZ,abroad,,,,,C,,https://shymkent.spravker.ru/obuchenie-za-rubezhom/,catalog,,,,,no,0,base,+77766513434
+77023337879,false,Columbus Work Travel,Шымкент,KZ,abroad,,,,,C,,https://shymkent.spravker.ru/obuchenie-za-rubezhom/,catalog,,,,,no,0,base,
+77016268393,false,Silkway Global,Шымкент,KZ,abroad,,,,,C,,https://shymkent.spravker.ru/obuchenie-za-rubezhom/,catalog,,,,,no,0,base,+77073662695
+77028723722,false,"Мама, я Edu!",Шымкент,KZ,abroad,,,,,C,,https://shymkent.spravker.ru/obuchenie-za-rubezhom/,catalog,,,,,no,0,base,
+77773962444,false,Visa Service Shymkent,Шымкент,KZ,abroad,,,,,C,,https://shymkent.spravker.ru/obuchenie-za-rubezhom/,catalog,,,,,no,0,base,+77012104826;+77052282509
+77015763326,false,Geneva Business School Shymkent,Шымкент,KZ,abroad,,,,,C,,https://shymkent.spravker.ru/obuchenie-za-rubezhom/,catalog,,,,,no,0,base,
+77773697160,false,Owl Group,Шымкент,KZ,abroad,,,,,C,,https://shymkent.spravker.ru/obuchenie-za-rubezhom/,catalog,,,,,no,0,base,
+77072958515,false,Визовый центр,Шымкент,KZ,abroad,,,,,C,,https://shymkent.spravker.ru/obuchenie-za-rubezhom/,catalog,,,,,no,0,base,+77009999996
+77071398277,false,Owl Win Exchange,Шымкент,KZ,abroad,,,,,C,,https://shymkent.spravker.ru/obuchenie-za-rubezhom/,catalog,,,,,no,0,base,
+77478160000,false,GES,Шымкент,KZ,abroad,,,,,C,,https://shymkent.spravker.ru/obuchenie-za-rubezhom/,catalog,,,,,no,0,base,+77474792004;+77082494365;+77074354520;+77479495955
+77010267311,false,Education USA,Шымкент,KZ,abroad,,,,,C,,https://shymkent.spravker.ru/obuchenie-za-rubezhom/,catalog,,,,,no,0,base,
+77026124998,false,Future Investment,Шымкент,KZ,abroad,,,,,C,,https://shymkent.spravker.ru/obuchenie-za-rubezhom/,catalog,,,,,no,0,base,+77759910351
+77782420698,false,IStudy,Актау,KZ,ielts,,,,,C,,https://aktau.jsprav.ru/izuchenie-anglijskogo-yazyika/,site_text,,,,,no,0,base,
+77758039016,false,New York,Актау,KZ,ielts,,,,,C,,https://aktau.spravker.ru/uchebnyie-tsentryi/,catalog,,,,,no,0,base,
+77781398829,true,English Aktau,Актау,KZ,ielts,,,,,C,,http://englishaktau.tilda.ws/,wa_link,,,,,no,0,base,
+77713002506,false,Compass Education,Актау,KZ,ielts,,,,http://compasseducation.kz/,C,,https://aktau.jsprav.ru/izuchenie-anglijskogo-yazyika/,site_text,,,,,no,0,base,+77715451993
+77780019902,false,Amal,Актау,KZ,ielts,,,,,C,,https://aktau.jsprav.ru/izuchenie-anglijskogo-yazyika/,site_text,,,,,no,0,base,+77016219902
+77767761176,false,Ait School,Актау,KZ,ielts,,,,https://aitschool.kz/,C,,https://aktau.jsprav.ru/izuchenie-anglijskogo-yazyika/,site_text,,,,,no,0,base,+77713851719
+77016543525,false,Speak Up,Актау,KZ,ielts,,,,,C,,https://aktau.jsprav.ru/izuchenie-anglijskogo-yazyika/,site_text,,,,,no,0,base,+77783622220
+77752258330,false,Drew's Language Centre,Актау,KZ,ielts,,,,,C,,https://aktau.jsprav.ru/izuchenie-anglijskogo-yazyika/,site_text,,,,,no,0,base,
+77024277967,false,The Ella Krivtsova,Актау,KZ,ielts,,,,,C,,https://aktau.jsprav.ru/izuchenie-anglijskogo-yazyika/,site_text,,,,,no,0,base,
+77086166841,false,Lingua Studio,Актау,KZ,ielts,,,,,C,,https://aktau.jsprav.ru/izuchenie-anglijskogo-yazyika/,site_text,,,,,no,0,base,
+77711012131,false,Foreign Language School,Актобе,KZ,ielts,,,,,C,,https://aktobe.spravker.ru/obuchenie-za-rubezhom/,catalog,,,,,no,0,base,
+77473037000,false,HiLondon,Актобе,KZ,ielts,,,,,C,,https://aktobe.spravker.ru/uchebnyie-tsentryi/,site_text,,,,,no,0,base,
+77018921222,false,Тілашар,Актобе,KZ,ielts,,,,,C,,https://aktobe.spravker.ru/uchebnyie-tsentryi/,site_text,,,,,no,0,base,+77076691293
+77710230017,false,Диалог,Актобе,KZ,ielts,,,,,C,,https://aktobe.spravker.ru/uchebnyie-tsentryi/,site_text,,,,,no,0,base,
+77788000140,false,Ми Lion,Актобе,KZ,ielts,,,,,C,,https://aktobe.spravker.ru/uchebnyie-tsentryi/,site_text,,,,,no,0,base,+77081964946
+77080203025,false,Brixton,Актобе,KZ,ielts,,,,https://aktobe2.kz,C,,https://aktobe2.kz/,site_text,,,,,no,0,base,
+77758457416,false,Underground,Актобе,KZ,ielts,,,,https://underground-centre.kz,C,,https://www.underground-centre.kz/,tel_link,,,,,no,0,base,+77781801497;+77132522567
+77771592270,false,Oxford Street,Актобе,KZ,ielts,,,,,C,,https://oxford-street91.orgs.biz/,site_text,,,,,no,0,base,+77785333534;+77026960009;+77132410189
+77055386113,true,Happy English,Актобе,KZ,ielts,,,@happy_english_aktobe,,C,,https://taplink.cc/happy_english_aktobe,wa_link,,,,,no,0,base,
+77772070706,true,English Time,Алматы,KZ,ielts,,,@english.time_almaty,https://englishtime.kz,C,,https://englishtime.kz/,wa_link,,,,,no,0,base,+77012029200
+77071013860,false,Aili,Астана,KZ,ielts,,,@aili_astana,https://www.aili.kz,C,,https://www.aili.kz/,site_text,,,,,no,0,base,+77758220668;+77787270107
+77029703503,false,KAZIELTS,Астана,KZ,ielts,,,@astana.ielts,http://kazielts.kz,C,,http://kazielts.kz/,site_text,,,,,no,0,base,
+77016653873,false,ЕАГИ-БІЛІМ (Центр непрерывного образования),Астана,KZ,ielts,,,,https://bilim.egi.edu.kz,C,,https://bilim.egi.edu.kz/,tel_link,,,,,no,0,base,
+77755394191,true,Lingvodom,Астана,KZ,ielts,,,,,C,,https://lingvodom-astana.orgs.biz/,catalog,,,,,no,0,base,+77755747789;+77784399162
+77780504200,false,Speak Easy,Атырау,KZ,ielts,,,,,C,,https://atyrau.spravker.ru/uchebnyie-tsentryi/,catalog,,,,,no,0,base,+77025190649;+77753630001
+77011911553,false,ABC Club,Атырау,KZ,ielts,,,,,C,,https://atyrau.spravker.ru/uchebnyie-tsentryi/,catalog,,,,,no,0,base,
+77712553899,false,Bh English,Атырау,KZ,ielts,,,,,C,,https://atyrau.spravker.ru/uchebnyie-tsentryi/,catalog,,,,,no,0,base,+77712253899
+77757447672,false,British speaking,Атырау,KZ,ielts,,,,,C,"разговорный английский, 80% практики/20% теории, Азаттык 72",https://azh.kz/enterprises/4/15,catalog,,,,,no,0,base,
+996700998010,true,Английский на Юбилейке,Бишкек,KG,ielts,,,@englishkursi.bishkek,https://english.kg,C,,https://english.kg/,wa_link,,,,,no,0,base,
+996700553003,false,English Academy,Бишкек,KG,ielts,,,,,C,,https://courses.kg/english/english-academy/,site_text,,,,,no,0,base,+996703178181;+996312476633;+996312476622
+996312614196,false,MK International,Бишкек,KG,ielts,,,,,C,,https://courses.kg/english/mk-international/,site_text,,,,,no,0,base,+996312871001
+996555127155,false,INTENSIVE,Бишкек,KG,ielts,,,,,C,,https://courses.kg/english/intensive/,site_text,,,,,no,0,base,+996312565058
+996312892216,false,Hot English,Бишкек,KG,ielts,,,,https://hotenglish.kg,C,,https://courses.kg/english/hot-english/,site_text,,,,,no,0,base,+996312491548;+996700123456
+996312545657,false,American Courses,Бишкек,KG,ielts,,,,,C,,https://courses.kg/english/american-courses/,site_text,,,,,no,0,base,
+996551524014,false,PORTFOLIO,Бишкек,KG,ielts,,,,,C,,https://courses.kg/2015/11/portfolio/,site_text,,,,,no,0,base,+996700553003;+996703178181
+996700879997,false,Виза (учебный комплекс),Бишкек,KG,ielts,,,,,C,,https://courses.kg/2015/02/visa/,site_text,,,,,no,0,base,
+996778558360,false,British Language Centre,Бишкек,KG,ielts,,,,,C,,https://courses.kg/2014/12/british-language-center/,site_text,,,,,no,0,base,+996702558360;+996312898054
+996312665514,false,Lingua School,Бишкек,KG,ielts,,,,,C,,https://courses.kg/2014/08/lingua-school/,site_text,,,,,no,0,base,+996312623636
+996550939933,false,High Time,Бишкек,KG,ielts,,,,,C,,https://courses.kg/2014/08/high-time/,site_text,,,,,no,0,base,+996700939933;+996312662239;+996312939933
+996770224525,false,EXCELLENT ENGLISH SCHOOL,Бишкек,KG,ielts,,,,,C,,https://urbanplaces.su/kg_bishkek/bishkek/category-tsentryi-rannego-razvitiya-detej,tel_link,,,,,no,0,base,
+77014750945,false,Отличный результат,Караганда,KZ,ielts,,,,,C,,https://karaganda.spravker.ru/uchebnyie-tsentryi/,catalog,,,,,no,0,base,
+77780017080,false,English Study,Кызылорда,KZ,ielts,,,,,C,,https://kz.spravbiz.ru/kyizyilorda/obrazovanie/uchebnye-tsentry/,site_text,,,,,no,0,base,
+77751271068,false,Abc+,Кызылорда,KZ,ielts,,,,,C,,https://kz.spravbiz.ru/kyizyilorda/obrazovanie/uchebnye-tsentry/,site_text,,,,,no,0,base,
+996551037111,false,American Dream,Ош,KG,ielts,,,,,C,,https://englishhere.ru/komp/american-dream-osh-osh,tel_link,,,,,no,0,base,
+996500088080,false,Rework Academy,Ош,KG,ielts,,,,,C,,https://englishhere.ru/komp/rework-academy-obrazovatelnyj-tsentr-osh,tel_link,,,,,no,0,base,
+996553800800,false,Гений,Ош,KG,ielts,,,,,C,,https://englishhere.ru/komp/genijm-uchebnyj-tsentr-osh,tel_link,,,,,no,0,base,+996773800800
+996500041082,false,Bright Life kg,Ош,KG,ielts,,,,,C,,https://englishhere.ru/komp/bright-life-kg-uchebnyj-tsentr-osh,tel_link,,,,,no,0,base,
+996702059001,false,Академка,Ош,KG,ielts,,,,,C,,https://englishhere.ru/komp/akademka-uchebnyj-tsentr-osh,tel_link,,,,,no,0,base,+996707988921
+996702177002,false,Империал,Ош,KG,ielts,,,,,C,,https://englishhere.ru/komp/imperial-uchebnyj-tsentr-osh,tel_link,,,,,no,0,base,+996773177002
+996990375737,false,Master Land,Ош,KG,ielts,,,,,C,,https://englishhere.ru/komp/master-land-yazykovaya-shkola-osh,tel_link,,,,,no,0,base,
+996322288103,false,Мээрим,Ош,KG,ielts,,,,,C,,https://englishhere.ru/komp/meerim-obrazovatelnyj-tsentr-osh,tel_link,,,,,no,0,base,
+996502212441,false,Esteeza School,Ош,KG,ielts,,,,,C,,https://englishhere.ru/komp/esteeza-school-yazykovaya-shkola-osh,tel_link,,,,,no,0,base,+996550550462
+996508441001,false,Babylon,Ош,KG,ielts,,,,,C,,https://englishhere.ru/komp/babylon-uchebnyj-tsentr-osh,tel_link,,,,,no,0,base,
+996500678308,false,Hello,Ош,KG,ielts,,,@hellocenter.kg,,C,,https://englishhere.ru/komp/hello-obrazovatelnyj-tsentr-osh,tel_link,,,,,no,0,base,
+996554234733,false,Wunderkind,Ош,KG,ielts,,,,,C,,https://englishhere.ru/komp/wunderkind-yazykovaya-shkola-osh,tel_link,,,,,no,0,base,
+996556292700,false,Secom,Ош,KG,ielts,,,,,C,,https://englishhere.ru/komp/secom-uchebnyj-tsentr-osh-2,tel_link,,,,,no,0,base,+996559646002
+996558011012,false,Кембридж,Ош,KG,ielts,,,,,C,,https://englishhere.ru/komp/kembridzh-mezhdunarodnyj-uchebnyj-tsentr-osh,tel_link,,,,,no,0,base,
+996500737733,false,Билим Академиясы,Ош,KG,ielts,,,,,C,,https://englishhere.ru/komp/bilim-akademiyasy-uchebnyj-tsentr-osh-2,tel_link,,,,,no,0,base,
+996555912808,false,Repetitor.osh,Ош,KG,ielts,,,,,C,,https://englishhere.ru/komp/repetitor-osh-osh,tel_link,,,,,no,0,base,
+996322220529,false,Taylor Institute,Ош,KG,ielts,,,@taylor_institute_osh,,C,,https://englishhere.ru/komp/institut-tejlora-obrazovatelnyj-tsentr-osh,tel_link,,,,,no,0,base,
+77024973457,false,Okey Centre,Павлодар,KZ,ielts,,,@english_okey_pvl,https://okeycentre.com,C,курсы английского и подготовка к IELTS,https://okeycentre.com/,site_text,,,,,no,0,base,
+77712513388,false,AB Academy,Павлодар,KZ,ielts,,,@asselbekina_eng,https://abacademy.kz,C,,https://www.abacademy.kz/,site_text,,,,,no,0,base,+77782822773
+77055410320,true,LANGLISH SCHOOL,Павлодар,KZ,ielts,,,,,C,,https://langlish-school.orgs.biz/,wa_link,,,,,no,0,base,+77021796720
+77056133986,true,Intellect,Павлодар,KZ,ielts,,,,,C,,https://club38248347.orgs.biz/,wa_link,,,,,no,0,base,
+77056130024,true,Лингвист,Павлодар,KZ,ielts,,,,,C,,https://thelinguist-kz.orgs.biz/,wa_link,,,,,no,0,base,
+77086763090,true,iStudy (Лидер плюс),Павлодар,KZ,ielts,,,,,C,,https://istudynew.orgs.biz/,wa_link,,,,,no,0,base,+77182545289
+77071625004,true,BudetTalk,Павлодар,KZ,ielts,,,@budettalk.pvl,,C,,https://budettalk.taplink.ws/,wa_link,,,,,no,0,base,
+77051319826,false,Yes,Павлодар,KZ,ielts,,,,,C,,https://pavlodar.jsprav.ru/izuchenie-anglijskogo-yazyika/,catalog,,,,,no,0,base,+77075592888
+77075152926,false,ABC,Павлодар,KZ,ielts,,,@abc_pavlodar,,C,,https://pavlodar.jsprav.ru/izuchenie-anglijskogo-yazyika/,catalog,,,,,no,0,base,
+77058605219,false,English Link,Павлодар,KZ,ielts,,,,,C,,https://pavlodar.jsprav.ru/izuchenie-anglijskogo-yazyika/,catalog,,,,,no,0,base,
+77054099655,false,English for you,Павлодар,KZ,ielts,,,,,C,,https://pavlodar.jsprav.ru/izuchenie-anglijskogo-yazyika/,catalog,,,,,no,0,base,
+77086507578,false,Umbrella,Павлодар,KZ,ielts,,,,,C,,https://pavlodar.jsprav.ru/izuchenie-anglijskogo-yazyika/,catalog,,,,,no,0,base,
+77779390131,false,Polyglot,Павлодар,KZ,ielts,,,,,C,,https://pavlodar.jsprav.ru/izuchenie-anglijskogo-yazyika/,catalog,,,,,no,0,base,
+77025303353,false,First,Павлодар,KZ,ielts,,,,,C,,https://pavlodar.jsprav.ru/izuchenie-anglijskogo-yazyika/,catalog,,,,,no,0,base,
+77012308737,false,Grata,Павлодар,KZ,ielts,,,,,C,,https://pavlodar.jsprav.ru/obrazovatelnyie-tsentryi/,site_text,,,,,no,0,base,
+77010129932,false,Дзэн,Павлодар,KZ,ielts,,,@dzen.pvl,,C,,https://pavlodar.jsprav.ru/izuchenie-anglijskogo-yazyika/,catalog,,,,,no,0,base,
+77762255272,false,Speaker,Павлодар,KZ,ielts,,,@speaker_centre_pvl,,C,,https://pavlodar.spravka.kz/nauka-i-obrazovanie/uchebnye-centry,site_text,,,,,no,0,base,
+77768204490,false,Hello English,Павлодар,KZ,ielts,,,@hello_english_pvl,,C,,https://pavlodar.spravka.kz/nauka-i-obrazovanie/uchebnye-centry,site_text,,,,,no,0,base,
+77472701625,false,Kinder Town,Петропавловск,KZ,ielts,,,,,C,,https://petropavlovsk-kz.spravker.ru/detskie-razvivaiushchie/,catalog,,,,,no,0,base,
+77053294526,false,Вишня,Петропавловск,KZ,ielts,,,,,C,,https://petropavlovsk-kz.spravker.ru/detskie-razvivaiushchie/,catalog,,,,,no,0,base,+77072294526
+77761987648,false,Акниет,Петропавловск,KZ,ielts,,,,,C,,https://petropavlovsk-kz.spravker.ru/detskie-razvivaiushchie/,catalog,,,,,no,0,base,
+77471140468,false,Qazaq bilim ordasy,Петропавловск,KZ,ielts,,,,,C,,https://petropavlovsk-kz.spravker.ru/detskie-razvivaiushchie/,catalog,,,,,no,0,base,
+77028888002,false,Dara,Петропавловск,KZ,ielts,,,,,C,,https://petropavlovsk-kz.spravker.ru/detskie-razvivaiushchie/,catalog,,,,,no,0,base,+77479200652
+77071560343,false,YanaBel EnglishVibe,Петропавловск,KZ,ielts,,,,,C,,https://petropavlovsk-kz.spravker.ru/shkoly-inostrannykh-iazykov/,catalog,,,,,no,0,base,+77071564303
+77765331353,false,Opportunity,Петропавловск,KZ,ielts,,,@opportunity_school,,C,,https://petropavlovsk-kz.spravker.ru/shkoly-inostrannykh-iazykov/,catalog,,,,,no,0,base,+77785531353;+77762637422
+77019729695,false,Lightway,Петропавловск,KZ,ielts,,,,,C,,https://petropavlovsk-kz.spravker.ru/shkoly-inostrannykh-iazykov/,catalog,,,,,no,0,base,
+77056525358,false,Happy English,Петропавловск,KZ,ielts,,,,,C,,https://petropavlovsk-kz.spravker.ru/shkoly-inostrannykh-iazykov/,catalog,,,,,no,0,base,
+77079566323,false,Inspiration,Петропавловск,KZ,ielts,,,,,C,,https://petropavlovsk-kz.spravker.ru/shkoly-inostrannykh-iazykov/,catalog,,,,,no,0,base,
+77771876564,false,First,Петропавловск,KZ,ielts,,,,,C,,https://petropavlovsk-kz.spravker.ru/shkoly-inostrannykh-iazykov/,catalog,,,,,no,0,base,+77056510579
+77756396852,false,Welcome,Петропавловск,KZ,ielts,,,,,C,,https://petropavlovsk-kz.spravker.ru/shkoly-inostrannykh-iazykov/,catalog,,,,,no,0,base,
+77052279237,false,English Class,Петропавловск,KZ,ielts,,,,,C,,https://petropavlovsk-kz.spravker.ru/shkoly-inostrannykh-iazykov/,catalog,,,,,no,0,base,
+77051881223,false,Smile language center,Петропавловск,KZ,ielts,,,,,C,,https://petropavlovsk-kz.spravker.ru/shkoly-inostrannykh-iazykov/,catalog,,,,,no,0,base,
+77777415422,false,ABC-studio,Петропавловск,KZ,ielts,,,,,C,,https://petropavlovsk-kz.spravker.ru/shkoly-inostrannykh-iazykov/,catalog,,,,,no,0,base,
+77074835513,false,People Study,Петропавловск,KZ,ielts,,,,,C,,https://petropavlovsk-kz.spravker.ru/shkoly-inostrannykh-iazykov/,catalog,,,,,no,0,base,
+77027274854,false,My school english,Петропавловск,KZ,ielts,,,,,C,,https://petropavlovsk-kz.spravker.ru/shkoly-inostrannykh-iazykov/,catalog,,,,,no,0,base,+77015164279
+77013901212,false,Языковая академия,Петропавловск,KZ,ielts,,,,,C,,https://petropavlovsk-kz.spravker.ru/shkoly-inostrannykh-iazykov/,catalog,,,,,no,0,base,
+77478838489,false,Sapsan,Петропавловск,KZ,ielts,,,,,C,,https://petropavlovsk-kz.spravker.ru/shkoly-inostrannykh-iazykov/,catalog,,,,,no,0,base,+77787155000
+77712025625,true,EnglArt,Семей,KZ,ielts,,,,,C,,https://taplink.cc/englart_studio,wa_link,,,,,no,0,base,
+77772070877,false,Polyglot,Семей,KZ,ielts,,,,,C,,https://semej.jsprav.ru/izuchenie-anglijskogo-yazyika/,catalog,,,,,no,0,base,+77052549008
+77471492557,false,Language Land,Семей,KZ,ielts,,,,,C,,https://semej.jsprav.ru/izuchenie-anglijskogo-yazyika/,catalog,,,,,no,0,base,
+77787886458,false,Intellectual,Семей,KZ,ielts,,,,,C,,https://semej.jsprav.ru/izuchenie-anglijskogo-yazyika/,catalog,,,,,no,0,base,+77075886458
+77776776460,false,Natije,Семей,KZ,ielts,,,,,C,,https://semei.spravker.ru/kluby-dlia-detei-i-podrostkov/natije-2.htm,site_text,,,,,no,0,base,
+77716247555,false,Supreme,Семей,KZ,ielts,,,,,C,,https://semej.jsprav.ru/izuchenie-anglijskogo-yazyika/,catalog,,,,,no,0,base,+77005016555
+77712527616,false,Tolmach,Семей,KZ,ielts,,,,,C,,https://semej.jsprav.ru/izuchenie-anglijskogo-yazyika/,catalog,,,,,no,0,base,
+77471492393,false,Win Win,Семей,KZ,ielts,,,,,C,,https://semej.jsprav.ru/izuchenie-anglijskogo-yazyika/,catalog,,,,,no,0,base,
+77056023182,false,Lingua Town,Семей,KZ,ielts,,,,,C,,https://semej.jsprav.ru/izuchenie-anglijskogo-yazyika/,catalog,,,,,no,0,base,
+77077568313,false,Erudit Group,Семей,KZ,ielts,,,,,C,,https://semej.jsprav.ru/izuchenie-anglijskogo-yazyika/,catalog,,,,,no,0,base,+77084672705
+77789292083,false,English Base,Семей,KZ,ielts,,,,,C,,https://semej.jsprav.ru/izuchenie-anglijskogo-yazyika/,catalog,,,,,no,0,base,
+77054441272,false,Samukova ELT,Семей,KZ,ielts,,,,,C,,https://semej.jsprav.ru/izuchenie-anglijskogo-yazyika/,catalog,,,,,no,0,base,
+77055018363,false,English Language Centre,Семей,KZ,ielts,,,,,C,,https://semej.jsprav.ru/izuchenie-anglijskogo-yazyika/,catalog,,,,,no,0,base,+77751707020
+77779844494,false,High Five,Семей,KZ,ielts,,,,,C,,https://semej.jsprav.ru/izuchenie-anglijskogo-yazyika/,catalog,,,,,no,0,base,
+77057611782,false,Skyrocket,Семей,KZ,ielts,,,,,C,,https://semej.jsprav.ru/izuchenie-anglijskogo-yazyika/,catalog,,,,,no,0,base,
+77770602290,false,English Time,Уральск,KZ,ielts,,,,,C,,https://uralsk.spravker.ru/uchebnyie-tsentryi/,catalog,,,,,no,0,base,+77073411031
+77774263220,false,Andas,Уральск,KZ,ielts,,,,,C,,https://uralsk.spravker.ru/uchebnyie-tsentryi/,catalog,,,,,no,0,base,+77774508487;+77774511099;+77774509630;+77774513781
+77479974748,false,Dana,Уральск,KZ,ielts,,,,,C,учебный центр Dana в Уральске,https://uralsk.spravka.kz/nauka-i-obrazovanie/uchebnye-centry,site_text,,,,,no,0,base,+77771120304;+77771120364
+77789973433,false,Advance,Уральск,KZ,ielts,,,,,C,,https://uralsk.spravker.ru/uchebnyie-tsentryi/,catalog,,,,,no,0,base,+77027221264
+77027221702,false,Global,Уральск,KZ,ielts,,,,,C,,https://uralsk.spravker.ru/uchebnyie-tsentryi/,catalog,,,,,no,0,base,
+77073411031,false,English Time (Курмангазы),Уральск,KZ,ielts,,,,,C,,https://uralsk.spravker.ru/uchebnyie-tsentryi/,catalog,,,,,no,0,base,
+77028036202,false,Inspire International,Уральск,KZ,ielts,,,,,C,,https://uralsk.spravker.ru/uchebnyie-tsentryi/,catalog,,,,,no,0,base,
+77474030219,false,Лингво,Уральск,KZ,ielts,,,,,C,,https://uralsk.spravker.ru/uchebnyie-tsentryi/,catalog,,,,,no,0,base,
+77023457996,false,Англичанка,Уральск,KZ,ielts,,,,,C,,https://uralsk.spravker.ru/uchebnyie-tsentryi/,catalog,,,,,no,0,base,
+77772121487,true,Centro Lingvo,Уральск,KZ,ielts,,,@centre.lingvo,https://centerlingvo.kz,C,,https://centerlingvo.kz/contact/,wa_link,,,,,no,0,base,
+77054443366,false,Кенгуру,Уральск,KZ,ielts,,,,,C,,https://kz.orgpage.ru/uralsk/kursy-angliyskogo-yazyka/,catalog,,,,,no,0,base,
+77717312282,false,Language Link,Уральск,KZ,ielts,,,,,C,,https://uralsk.spravker.ru/shkoly-inostrannykh-iazykov/,catalog,,,,,no,0,base,
+77058303577,false,Altynsarin,Уральск,KZ,ielts,,,,,C,,https://uralsk.spravker.ru/shkoly-inostrannykh-iazykov/,catalog,,,,,no,0,base,
+77058097891,false,Alfavit,Уральск,KZ,ielts,,,,,C,,https://uralsk.spravker.ru/shkoly-inostrannykh-iazykov/,catalog,,,,,no,0,base,+77471187892
+77475926887,false,Step by Step,Уральск,KZ,ielts,,,,,C,,https://uralsk.spravker.ru/shkoly-inostrannykh-iazykov/,catalog,,,,,no,0,base,+77079878550
+77077954723,false,Bolashak,Уральск,KZ,ielts,,,@bolashak.oral,,C,,https://uralsk.spravker.ru/shkoly-inostrannykh-iazykov/,catalog,,,,,no,0,base,
+77056382833,false,Центр изучения языков,Уральск,KZ,ielts,,,,,C,,https://uralsk.spravker.ru/shkoly-inostrannykh-iazykov/,catalog,,,,,no,0,base,
+77479857312,false,Soile,Уральск,KZ,ielts,,,,,C,,https://uralsk.spravker.ru/shkoly-inostrannykh-iazykov/,catalog,,,,,no,0,base,+77478990426
+77058308938,false,Tagylym,Уральск,KZ,ielts,,,,,C,,https://uralsk.spravker.ru/shkoly-inostrannykh-iazykov/,catalog,,,,,no,0,base,+77077049001
+77073605236,false,Qadam,Уральск,KZ,ielts,,,,,C,,https://uralsk.spravker.ru/shkoly-inostrannykh-iazykov/,catalog,,,,,no,0,base,+77777807696
+77051429599,false,London,Уральск,KZ,ielts,,,,,C,,https://uralsk.spravker.ru/shkoly-inostrannykh-iazykov/,catalog,,,,,no,0,base,
+77771566606,false,Lovenglish,Уральск,KZ,ielts,,,,,C,,https://uralsk.spravker.ru/shkoly-inostrannykh-iazykov/,catalog,,,,,no,0,base,
+77713027766,false,Avalon studio,Усть-Каменогорск,KZ,ielts,,,,,C,Школа иностранных языков,https://ust-kamenogorsk.spravker.ru/uchebnyie-tsentryi/,catalog,,,,,no,0,base,+77003027766
+77055020051,false,Академия Успеха,Усть-Каменогорск,KZ,ielts,,,,http://akademus.kz/,C,Детский образовательный центр,https://ust-kamenogorsk.spravker.ru/uchebnyie-tsentryi/,catalog,,,,,no,0,base,
+77764307272,false,English-Club,Усть-Каменогорск,KZ,ielts,,,,https://eclub.kz.ru/,C,,https://yk.kz/abcinfo/cz/czentryi-detskogo-tvorchestva/2/,catalog,,,,,no,0,base,
+77783700145,false,Lingua Hub,Шымкент,KZ,ielts,,,,,C,,https://shymkent.spravker.ru/obuchenie-za-rubezhom/,catalog,,,,,no,0,base,
+77024466640,false,Newton,Шымкент,KZ,ielts,,,,,C,,https://kursy-shymkent.kz/course/study/ent,tel_link,,,,,no,0,base,
+77028389079,false,Arhimed,Шымкент,KZ,ielts,,,,,C,,https://kursy-shymkent.kz/course/study/ent,tel_link,,,,,no,0,base,+77056636578
+77252534374,false,ESL,Шымкент,KZ,ielts,,,,,C,,https://vera.kz/top-9-kursov-dlya-podgotovki-k-ent-v-shymkente/,site_text,,,,,no,0,base,
+77027970505,false,Perfect English,Шымкент,KZ,ielts,,,,,C,,https://kursy-shymkent.kz/course/study/podgotovka-ktl-nish-nu-sdu-aristan-muit,tel_link,,,,,no,0,base,
+77017056655,false,Ziyatker Bilim,Шымкент,KZ,ielts,,,,https://ziyatkerbilim.kz,C,,https://kursy-shymkent.kz/course/study/podgotovka-ktl-nish-nu-sdu-aristan-muit,tel_link,,,,,no,0,base,+77763263366
+77057200014,false,Лингвистическая школа Татьяны Губайдуллиной,Шымкент,KZ,ielts,,,,,C,,https://kursy-shymkent.kz/course/study/podgotovka-ktl-nish-nu-sdu-aristan-muit,tel_link,,,,,no,0,base,
+77784577386,false,Be Smart,Шымкент,KZ,ielts,,,,,C,,https://kursy-shymkent.kz/course/foreign/%D0%B0%D0%BD%D0%B3%D0%BB%D0%B8%D0%B9%D1%81%D0%BA%D0%B8%D0%B9,catalog,,,,,no,0,base,
+77252420176,false,Crystal Study Group,Шымкент,KZ,ielts,,,,,C,,https://kursy-shymkent.kz/course/foreign/%D0%B0%D0%BD%D0%B3%D0%BB%D0%B8%D0%B9%D1%81%D0%BA%D0%B8%D0%B9,catalog,,,,,no,0,base,+77017770308
+77054830493,false,Easy Communication,Шымкент,KZ,ielts,,,,,C,,https://kursy-shymkent.kz/course/foreign/%D0%B0%D0%BD%D0%B3%D0%BB%D0%B8%D0%B9%D1%81%D0%BA%D0%B8%D0%B9,catalog,,,,,no,0,base,
+77026443472,false,English Easy and Unique,Шымкент,KZ,ielts,,,,,C,,https://kursy-shymkent.kz/course/foreign/%D0%B0%D0%BD%D0%B3%D0%BB%D0%B8%D0%B9%D1%81%D0%BA%D0%B8%D0%B9,catalog,,,,,no,0,base,
+77252211611,false,Excelsia,Шымкент,KZ,ielts,,,,,C,,https://kursy-shymkent.kz/course/foreign/%D0%B0%D0%BD%D0%B3%D0%BB%D0%B8%D0%B9%D1%81%D0%BA%D0%B8%D0%B9,catalog,,,,,no,0,base,
+77027107995,false,Fokus,Шымкент,KZ,ielts,,,,,C,,https://kursy-shymkent.kz/course/foreign/%D0%B0%D0%BD%D0%B3%D0%BB%D0%B8%D0%B9%D1%81%D0%BA%D0%B8%D0%B9,catalog,,,,,no,0,base,
+77252290463,false,Forward,Шымкент,KZ,ielts,,,,,C,,https://kursy-shymkent.kz/course/foreign/%D0%B0%D0%BD%D0%B3%D0%BB%D0%B8%D0%B9%D1%81%D0%BA%D0%B8%D0%B9,catalog,,,,,no,0,base,
+77072856601,false,Hopkins,Шымкент,KZ,ielts,,,,,C,,https://kursy-shymkent.kz/course/foreign/%D0%B0%D0%BD%D0%B3%D0%BB%D0%B8%D0%B9%D1%81%D0%BA%D0%B8%D0%B9,catalog,,,,,no,0,base,
+77017545415,false,IMA Shymkent,Шымкент,KZ,ielts,,,,,C,,https://kursy-shymkent.kz/course/foreign/%D0%B0%D0%BD%D0%B3%D0%BB%D0%B8%D0%B9%D1%81%D0%BA%D0%B8%D0%B9,catalog,,,,,no,0,base,
+77058039508,false,LINGUS,Шымкент,KZ,ielts,,,,,C,,https://kursy-shymkent.kz/course/foreign/%D0%B0%D0%BD%D0%B3%D0%BB%D0%B8%D0%B9%D1%81%D0%BA%D0%B8%D0%B9,catalog,,,,,no,0,base,+77017825338
+77787079781,false,Lucky Line,Шымкент,KZ,ielts,,,,,C,,https://kursy-shymkent.kz/course/foreign/%D0%B0%D0%BD%D0%B3%D0%BB%D0%B8%D0%B9%D1%81%D0%BA%D0%B8%D0%B9,catalog,,,,,no,0,base,
+77474793640,false,Neo Anyway,Шымкент,KZ,ielts,,,,,C,,https://kursy-shymkent.kz/course/foreign/%D0%B0%D0%BD%D0%B3%D0%BB%D0%B8%D0%B9%D1%81%D0%BA%D0%B8%D0%B9,catalog,,,,,no,0,base,+77754107923
+77017545451,false,Revolution,Шымкент,KZ,ielts,,,,,C,,https://kursy-shymkent.kz/course/foreign/%D0%B0%D0%BD%D0%B3%D0%BB%D0%B8%D0%B9%D1%81%D0%BA%D0%B8%D0%B9,catalog,,,,,no,0,base,
+77000822204,false,Struna,Шымкент,KZ,ielts,,,,,C,,https://kursy-shymkent.kz/course/foreign/%D0%B0%D0%BD%D0%B3%D0%BB%D0%B8%D0%B9%D1%81%D0%BA%D0%B8%D0%B9,catalog,,,,,no,0,base,
+77052044759,false,Angliyskiy detyam,Шымкент,KZ,ielts,,,,,C,,https://kursy-shymkent.kz/course/foreign/%D0%B0%D0%BD%D0%B3%D0%BB%D0%B8%D0%B9%D1%81%D0%BA%D0%B8%D0%B9,catalog,,,,,no,0,base,
+77012398519,false,Angliyskiy dlya shkolnikov,Шымкент,KZ,ielts,,,,,C,,https://kursy-shymkent.kz/course/foreign/%D0%B0%D0%BD%D0%B3%D0%BB%D0%B8%D0%B9%D1%81%D0%BA%D0%B8%D0%B9,catalog,,,,,no,0,base,
+77477122975,false,Poliglot,Шымкент,KZ,ielts,,,,,C,,https://kursy-shymkent.kz/course/foreign/%D0%B0%D0%BD%D0%B3%D0%BB%D0%B8%D0%B9%D1%81%D0%BA%D0%B8%D0%B9,catalog,,,,,no,0,base,
+77023979949,false,Parasat,Актау,KZ,ent,,,,,C,,https://aktau.spravker.ru/detskie-razvivaiushchie/,site_text,,,,,no,0,base,+77087771968
+77753804620,false,Uzdik Education,Актау,KZ,ent,,,,,C,,https://www.inaktau.kz/catalog/index/860956,catalog,,,,,no,0,base,
+77051040048,false,Oqu,Актау,KZ,ent,,,,,C,,https://aktau.spravker.ru/uchebnyie-tsentryi/,catalog,,,,,no,0,base,
+77476447152,false,Nurdana,Актау,KZ,ent,,,@nurdana.education,,C,,https://aktau.spravker.ru/uchebnyie-tsentryi/,catalog,,,,,no,0,base,
+77010799919,false,Ел-Мура,Актау,KZ,ent,,,,,C,,https://aktau.spravker.ru/uchebnyie-tsentryi/,catalog,,,,,no,0,base,
+77011704037,false,Алғыс-Ақтау,Актау,KZ,ent,,,,,C,,https://aktau.spravker.ru/uchebnyie-tsentryi/,catalog,,,,,no,0,base,
+77715450557,false,Aktau Smarts,Актау,KZ,ent,,,,,C,,https://aktau.spravker.ru/uchebnyie-tsentryi/,catalog,,,,,no,0,base,
+77784000277,false,Студия Знаний,Актау,KZ,ent,,,,,C,,https://aktau.spravker.ru/detskie-razvivaiushchie/,site_text,,,,,no,0,base,
+77013014838,false,SaHat,Актау,KZ,ent,,,,,C,,https://aktau.spravker.ru/uchebnyie-tsentryi/,catalog,,,,,no,0,base,
+77026499951,false,Алтын гасыр,Актау,KZ,ent,,,,,C,,https://aktau.spravker.ru/uchebnyie-tsentryi/,catalog,,,,,no,0,base,
+77759227915,false,IQ,Актау,KZ,ent,,,,,C,,https://aktau.spravker.ru/uchebnyie-tsentryi/,catalog,,,,,no,0,base,
+77025822818,false,Шамшырақ,Актау,KZ,ent,,,,,C,,https://aktau.spravker.ru/uchebnyie-tsentryi/,catalog,,,,,no,0,base,
+77053629316,false,Mursalim Genius,Актау,KZ,ent,,,,,C,,https://aktau.spravker.ru/uchebnyie-tsentryi/,catalog,,,,,no,0,base,
+77713171750,false,Ozat,Актау,KZ,ent,,,,,C,,https://aktau.spravker.ru/uchebnyie-tsentryi/,catalog,,,,,no,0,base,
+77075553004,false,Success,Актау,KZ,ent,,,,,C,,https://aktau.spravker.ru/uchebnyie-tsentryi/,catalog,,,,,no,0,base,
+77755277222,false,Agsa,Актау,KZ,ent,,,,,C,,https://aktau.spravker.ru/uchebnyie-tsentryi/,catalog,,,,,no,0,base,
+77013214800,false,Зияткер,Актау,KZ,ent,,,,,C,,https://aktau.spravker.ru/uchebnyie-tsentryi/,catalog,,,,,no,0,base,
+77029313719,false,Әліппе+,Актау,KZ,ent,,,,,C,,https://aktau.spravker.ru/uchebnyie-tsentryi/,catalog,,,,,no,0,base,
+77759316645,false,Nurzira,Актау,KZ,ent,,,,,C,,https://aktau.spravker.ru/uchebnyie-tsentryi/,catalog,,,,,no,0,base,
+77011588577,false,Guarantee,Актау,KZ,ent,,,,,C,,https://aktau.spravker.ru/uchebnyie-tsentryi/,catalog,,,,,no,0,base,
+77773030059,false,Talap Academy,Актау,KZ,ent,,,,,C,,https://aktau.spravker.ru/uchebnyie-tsentryi/,catalog,,,,,no,0,base,
+77477121729,false,Smg Education,Актау,KZ,ent,,,,,C,,https://aktau.spravker.ru/uchebnyie-tsentryi/,catalog,,,,,no,0,base,
+77788207130,false,Gasyr Foundation school,Актау,KZ,ent,,,,,C,,https://aktau.spravker.ru/uchebnyie-tsentryi/,catalog,,,,,no,0,base,
+77013333328,false,Кемел,Актау,KZ,ent,,,,,C,,https://aktau.spravker.ru/uchebnyie-tsentryi/,catalog,,,,,no,0,base,
+77132736308,false,РиМ,Актобе,KZ,ent,,,,,C,,https://aktobe.iseducate.ru/uchebnye-tsentry/,tel_link,,,,,no,0,base,
+77132711722,false,Damu,Актобе,KZ,ent,,,,,C,,https://aktobe.iseducate.ru/uchebnye-tsentry/,tel_link,,,,,no,0,base,
+77132560439,false,Мугалим,Актобе,KZ,ent,,,,,C,,https://aktobe.iseducate.ru/uchebnye-tsentry/,tel_link,,,,,no,0,base,
+77016157015,false,Matesha.Online,Актобе,KZ,ent,,,,,C,,https://aktobe.spravker.ru/uchebnyie-tsentryi/,site_text,,,,,no,0,base,
+77753500196,false,Ucheniki.kz,Актобе,KZ,ent,,,,,C,,https://aktobe.spravker.ru/uchebnyie-tsentryi/,site_text,,,,,no,0,base,
+77478112105,false,Excellent+,Актобе,KZ,ent,,,,,C,,https://aktobe.spravker.ru/uchebnyie-tsentryi/,site_text,,,,,no,0,base,
+77015114594,false,Keleshek Perspectives,Актобе,KZ,ent,,,,,C,,https://aktobe.spravker.ru/uchebnyie-tsentryi/,site_text,,,,,no,0,base,
+77024998634,false,Advance,Актобе,KZ,ent,,,,,C,,https://aktobe.spravker.ru/uchebnyie-tsentryi/,site_text,,,,,no,0,base,
+77010182022,false,Zerdeli,Актобе,KZ,ent,,,,,C,,https://aktobe.spravker.ru/uchebnyie-tsentryi/,site_text,,,,,no,0,base,+77756082022
+77479494941,false,Damu Academy,Актобе,KZ,ent,,,,,C,,https://aktobe.spravker.ru/uchebnyie-tsentryi/,site_text,,,,,no,0,base,
+77084714346,false,Bolashaq,Актобе,KZ,ent,,,,,C,,https://aktobe.spravker.ru/uchebnyie-tsentryi/,site_text,,,,,no,0,base,
+77028993811,false,Learning,Актобе,KZ,ent,,,,,C,,https://aktobe.spravker.ru/uchebnyie-tsentryi/,site_text,,,,,no,0,base,+77078815850
+77016176392,false,Umit Education,Актобе,KZ,ent,,,,,C,,https://aktobe.spravker.ru/uchebnyie-tsentryi/,site_text,,,,,no,0,base,+77750325169
+77072736320,false,Crown,Актобе,KZ,ent,,,,,C,,https://aktobe.spravker.ru/uchebnyie-tsentryi/,site_text,,,,,no,0,base,
+77027286446,false,Knowell,Актобе,KZ,ent,,,,,C,,https://aktobe.spravker.ru/uchebnyie-tsentryi/,site_text,,,,,no,0,base,
+77777602676,false,Victory,Актобе,KZ,ent,,,,,C,,https://aktobe.spravker.ru/uchebnyie-tsentryi/,site_text,,,,,no,0,base,
+77023540061,false,Hogwarts,Актобе,KZ,ent,,,,,C,,https://aktobe.spravker.ru/uchebnyie-tsentryi/,site_text,,,,,no,0,base,
+77053983186,false,Болашак,Актобе,KZ,ent,,,,,C,,https://aktobe.spravker.ru/uchebnyie-tsentryi/,site_text,,,,,no,0,base,+77059702785
+77073234526,false,Astana Education Center,Астана,KZ,ent,,@makhsud_kurvanbayev,,https://eduastana.kz,C,"подготовка к ЕНТ, КТА, SAT, программирование и робототехника",https://eduastana.kz/,site_text,,,,,no,0,base,
+77472314031,false,Alem Study,Астана,KZ,ent,,,@alemstudy_kz,,C,,https://the-steppe.com/razvitie/podgotovka-k-ent-10-obrazovatelnyh-centrov-v-kazahstane,catalog,,,,,no,0,base,
+77755007775,false,Bilim Park,Астана,KZ,ent,,,,,C,,https://kursy-astana.kz/course/study/ent,catalog,,,,,no,0,base,+77074005015;+77053951818
+77004545454,true,Кайнар,Атырау,KZ,ent,,,@kainar_school_atyrau,https://kainar.school,C,,https://kainar.school/,wa_link,,,,,no,0,base,+77789305750
+77751200500,true,PROGRESS,Атырау,KZ,ent,,,@progress_center_atyrau,https://progress-center.kz,C,,https://progress-center.kz/,wa_link,,,,,no,0,base,
+77754702610,true,А5,Атырау,KZ,ent,,,,,C,,https://a5-atyrau.orgs.biz/,wa_link,,,,,no,0,base,+77785421743
+77015552666,false,Entellekto,Атырау,KZ,ent,,,,,C,,https://atyrau.spravker.ru/uchebnyie-tsentryi/,catalog,,,,,no,0,base,+77010422121
+77756323155,false,Логарифм,Атырау,KZ,ent,,,,,C,,https://atyrau.spravker.ru/uchebnyie-tsentryi/,catalog,,,,,no,0,base,+77759908521
+77054773956,false,Sapa school,Атырау,KZ,ent,,,,,C,,https://atyrau.spravker.ru/uchebnyie-tsentryi/,catalog,,,,,no,0,base,
+77013935724,false,Smart Learning,Атырау,KZ,ent,,,,,C,,https://atyrau.spravker.ru/uchebnyie-tsentryi/,catalog,,,,,no,0,base,
+77021117200,false,Premium Education,Атырау,KZ,ent,,,,,C,,https://atyrau.spravker.ru/uchebnyie-tsentryi/,catalog,,,,,no,0,base,
+996500189132,false,НОВА,Бишкек,KG,ent,,,,https://nova.kg,C,,https://nova.kg/,site_text,,,,,no,0,base,
+77006803265,false,Let's Study,Караганда,KZ,ent,,,@letsstudy_krg,,C,,https://karaganda.spravker.ru/uchebnyie-tsentryi/,catalog,,,,,no,0,base,
+77776880055,false,Рукавичка,Караганда,KZ,ent,,,@rukavichka.kz,,C,,https://karaganda.spravker.ru/uchebnyie-tsentryi/,catalog,,,,4222,no,0,base,+77774030877;+77005012277
+77780787378,false,Samga Academy,Караганда,KZ,ent,,,,,C,,https://karaganda.spravker.ru/uchebnyie-tsentryi/,catalog,,,,,no,0,base,+77758700523
+77754446567,true,Островок,Костанай,KZ,ent,,,@ostrovok.kostanay,,C,"подготовка к гимназии и школе, скорочтение, языки и шахматы в Костанае",http://ostrovok.kostanay.tilda.ws/,wa_link,,,,,no,0,base,+77752772077
+77056374743,false,Ирис,Кызылорда,KZ,ent,,,,,C,,https://kz.spravbiz.ru/kyizyilorda/obrazovanie/uchebnye-tsentry/,site_text,,,,,no,0,base,
+77001400505,false,РЦТ №13 Ustudy,Кызылорда,KZ,ent,,,,,C,,https://kz.spravbiz.ru/kyizyilorda/obrazovanie/uchebnye-tsentry/,site_text,,,,,no,0,base,
+77051626274,false,Курсор,Кызылорда,KZ,ent,,,,,C,,https://kz.spravbiz.ru/kyizyilorda/obrazovanie/uchebnye-tsentry/,site_text,,,,,no,0,base,
+77055009841,false,Soteria,Кызылорда,KZ,ent,,,,,C,,https://kz.spravbiz.ru/kyizyilorda/obrazovanie/uchebnye-tsentry/,site_text,,,,,no,0,base,
+77003140012,false,314kz,Кызылорда,KZ,ent,,,,,C,,https://kz.spravbiz.ru/kyizyilorda/obrazovanie/uchebnye-tsentry/,site_text,,,,,no,0,base,
+77473938123,false,Bilimger,Кызылорда,KZ,ent,,,,,C,,https://kz.spravbiz.ru/kyizyilorda/obrazovanie/uchebnye-tsentry/,site_text,,,,,no,0,base,
+77022021943,false,Lavanda,Кызылорда,KZ,ent,,,,,C,,https://kz.spravbiz.ru/kyizyilorda/obrazovanie/uchebnye-tsentry/,site_text,,,,,no,0,base,
+77055305970,false,Ustudy Education,Кызылорда,KZ,ent,,,,,C,,https://kz.spravbiz.ru/kyizyilorda/obrazovanie/uchebnye-tsentry/,site_text,,,,,no,0,base,
+77071774032,false,Ziyatker innovative school,Кызылорда,KZ,ent,,,,,C,,https://kz.spravbiz.ru/kyizyilorda/obrazovanie/uchebnye-tsentry/,site_text,,,,,no,0,base,
+77012211230,false,Аманат,Кызылорда,KZ,ent,,,,,C,,https://kz.spravbiz.ru/kyizyilorda/obrazovanie/uchebnye-tsentry/,site_text,,,,,no,0,base,
+77053924015,false,Daryn,Кызылорда,KZ,ent,,,,,C,,https://kz.spravbiz.ru/kyizyilorda/obrazovanie/uchebnye-tsentry/,site_text,,,,,no,0,base,
+996778644580,true,СУВК имени Профессора Джолдубаева,Ош,KG,ent,,,,,C,,https://mektep.pro/profile:1561/?hl=ru,wa_link,,,,,no,0,base,
+996772527241,false,Светоч,Ош,KG,ent,,,,,C,,https://mektep24.kg/ru/about/osh/schools.html,site_text,,,,,no,0,base,
+996552117959,false,Ош Билим Ордо,Ош,KG,ent,,,,,C,,https://mektep24.kg/ru/about/osh/schools.html,site_text,,,,,no,0,base,
+996322231154,false,Лицей имени Курманжан Датки,Ош,KG,ent,,,,,C,,https://mektep24.kg/ru/about/osh/schools.html,site_text,,,,,no,0,base,
+77089405102,false,Умка,Павлодар,KZ,ent,,,,https://umka-rc.kz,C,"репетиторский центр, подготовка к школе",https://mestam.info/kz/pavlodar/mesto/639012-umka-akademika-margulana-115-2-etaj,tel_link,,,,,no,0,base,+77475383699;+77182618791
+77779380919,true,Wisefil,Павлодар,KZ,ent,,,,,C,,https://taplink.cc/wisefil,wa_link,,,,,no,0,base,
+77182611304,false,Репетиторский центр Мустафа,Павлодар,KZ,ent,,,,,C,,https://pavlodar.spravka.kz/nauka-i-obrazovanie/uchebnye-centry,site_text,,,,,no,0,base,
+77056115154,false,Best Work-PV,Павлодар,KZ,ent,,,,,C,,https://pavlodar.jsprav.ru/obrazovatelnyie-tsentryi/,site_text,,,,,no,0,base,
+77711697788,false,Умка,Петропавловск,KZ,ent,,,,,C,,https://petropavlovsk-kz.spravker.ru/detskie-razvivaiushchie/,catalog,,,,,no,0,base,+77716582554
+77051927993,false,Всезнайка,Петропавловск,KZ,ent,,,,,C,,https://petropavlovsk-kz.spravker.ru/detskie-razvivaiushchie/,catalog,,,,,no,0,base,+77774176645
+77070371747,false,Пишичитайка,Петропавловск,KZ,ent,,,,,C,,https://petropavlovsk-kz.spravker.ru/detskie-razvivaiushchie/,catalog,,,,,no,0,base,
+77077691949,true,OZAT Education,Тараз,KZ,ent,,,@ozat_education,https://ozat-education.kz,C,,https://ozat-education.kz/,wa_link,,,,,no,0,base,
+77054444141,false,Интеллект,Уральск,KZ,ent,,,,https://uc-intellect.kz,C,,https://mestam.info/kz/uralsk-11092/mesto/4577017-intellekt-aitalieva-4,tel_link,,,,,no,0,base,
+77774249923,false,Юланил,Уральск,KZ,ent,,,@yulanil_uralsk,,C,,https://uralsk.spravker.ru/uchebnyie-tsentryi/,catalog,,,,,no,0,base,+77057231505
+77788880005,false,Bilim,Уральск,KZ,ent,,,,,C,,https://uralsk.spravker.ru/uchebnyie-tsentryi/,catalog,,,,,no,0,base,
+77769163991,false,IQ,Уральск,KZ,ent,,,,,C,,https://uralsk.spravker.ru/uchebnyie-tsentryi/,catalog,,,,,no,0,base,
+77785307170,false,НурБолашак,Уральск,KZ,ent,,,,,C,,https://uralsk.spravker.ru/uchebnyie-tsentryi/,catalog,,,,,no,0,base,
+77052166365,false,Samga,Уральск,KZ,ent,,,,,C,,https://uralsk.spravker.ru/uchebnyie-tsentryi/,catalog,,,,,no,0,base,+77021875547
+77058889121,false,Basqar,Уральск,KZ,ent,,,,,C,,https://uralsk.spravker.ru/uchebnyie-tsentryi/,catalog,,,,,no,0,base,
+77023303322,false,Тілек,Уральск,KZ,ent,,,,,C,,https://uralsk.spravker.ru/uchebnyie-tsentryi/,catalog,,,,,no,0,base,
+77028758450,false,IQ Курмангазы,Уральск,KZ,ent,,,,,C,,https://uralsk.spravker.ru/uchebnyie-tsentryi/,catalog,,,,,no,0,base,+77027958450
+77073988674,false,Білім орталығы,Уральск,KZ,ent,,,,,C,,https://uralsk.spravker.ru/uchebnyie-tsentryi/,catalog,,,,,no,0,base,
+77471869499,false,Бәйтерек,Уральск,KZ,ent,,,,,C,,https://uralsk.spravker.ru/uchebnyie-tsentryi/,catalog,,,,,no,0,base,
+77081314992,false,Эрудит,Уральск,KZ,ent,,,,,C,,https://uralsk.spravker.ru/uchebnyie-tsentryi/,catalog,,,,,no,0,base,
+77775656444,false,Oqu,Уральск,KZ,ent,,,,https://oqu.edu.kz,C,,https://uralsk.spravker.ru/uchebnyie-tsentryi/,catalog,,,,,no,0,base,
+77714330311,false,Enterprise,Уральск,KZ,ent,,,,,C,учебный центр Enterprise в Уральске,https://uralsk.spravka.kz/nauka-i-obrazovanie/uchebnye-centry,site_text,,,,,no,0,base,
+77055429926,false,Параллель,Усть-Каменогорск,KZ,ent,,,@parallel_uka,,C,"Подготовка к ЕНТ/ОГЭ/ЕГЭ и дошкольная подготовка, 5-18 лет",https://ust-kamenogorsk.spravker.ru/uchebnyie-tsentryi/,catalog,,,,1474,no,0,base,
+77475364953,false,Grant,Усть-Каменогорск,KZ,ent,,,,,C,"Образовательный центр подготовки к ЕНТ, Кабанбай Батыра 142/7",https://ust-kamenogorsk.spravker.ru/uchebnyie-tsentryi/,catalog,,,,,no,0,base,
+77055093311,false,ВундерКиндер,Усть-Каменогорск,KZ,ent,,,,https://vunderkinder.usk.kz/,C,,https://yk.kz/abcinfo/cz/czentryi-detskogo-tvorchestva/2/,catalog,,,,,no,0,base,
+77710865236,false,BILIM,Усть-Каменогорск,KZ,ent,,,,,C,,https://yk.kz/abcinfo/cz/czentryi-detskogo-tvorchestva/2/,catalog,,,,,no,0,base,
+77051012101,false,УНИВЕРСИТЕТ ДЕТЕЙ,Усть-Каменогорск,KZ,ent,,,,,C,,https://yk.kz/abcinfo/cz/czentryi-detskogo-tvorchestva/2/,catalog,,,,,no,0,base,
+77758168380,false,Лидер НС,Шымкент,KZ,ent,,,,,C,,https://kursy-shymkent.kz/course/study/ent,tel_link,,,,,no,0,base,+77011777924
+77752334187,false,Chemistry in Shymkent,Шымкент,KZ,ent,,,,,C,,https://kursy-shymkent.kz/course/study/ent,tel_link,,,,,no,0,base,
+77053547799,false,Math education club,Шымкент,KZ,ent,,,,,C,,https://kursy-shymkent.kz/course/study/ent,tel_link,,,,,no,0,base,
+77757412437,false,Лика,Шымкент,KZ,ent,,,,,C,,https://kursy-shymkent.kz/course/study/ent,tel_link,,,,,no,0,base,
+77782609300,false,Нуржан,Шымкент,KZ,ent,,,,,C,,https://kursy-shymkent.kz/course/study/ent,tel_link,,,,,no,0,base,
+77016525281,false,ӨРКЕН,Шымкент,KZ,ent,,,,,C,,https://kursy-shymkent.kz/course/study/ent,tel_link,,,,,no,0,base,
+77074484084,false,Grand Study,Шымкент,KZ,ent,,,,,C,,https://vera.kz/top-9-kursov-dlya-podgotovki-k-ent-v-shymkente/,site_text,,,,,no,0,base,+77072989426
+77014714576,false,Зерде,Шымкент,KZ,ent,,,,,C,,https://vera.kz/top-9-kursov-dlya-podgotovki-k-ent-v-shymkente/,site_text,,,,,no,0,base,
+77077744967,false,Saliteda Kz,Актау,KZ,other,,,,,C,,https://aktau.spravker.ru/uchebnyie-tsentryi/,catalog,,,,,no,0,base,
+77718376166,false,Smart Kids,Актау,KZ,other,,,,,C,,https://aktau.spravker.ru/detskie-razvivaiushchie/,site_text,,,,,no,0,base,
+77761405411,false,Leo,Актау,KZ,other,,,,,C,,https://aktau.spravker.ru/uchebnyie-tsentryi/,catalog,,,,,no,0,base,
+77010330047,false,EasyRead,Актау,KZ,other,,,,,C,,https://aktau.spravker.ru/detskie-razvivaiushchie/,site_text,,,,,no,0,base,
+77028697566,false,Big-Wins,Актау,KZ,other,,,,,C,,https://aktau.spravker.ru/uchebnyie-tsentryi/,catalog,,,,,no,0,base,
+77777513540,false,Academy Tarbie,Актау,KZ,other,,,,,C,,https://aktau.spravker.ru/uchebnyie-tsentryi/,catalog,,,,,no,0,base,
+77475237292,false,Mdsc,Актау,KZ,other,,,,,C,,https://aktau.spravker.ru/uchebnyie-tsentryi/,catalog,,,,,no,0,base,
+77752451070,false,Продлёнка,Актау,KZ,other,,,,,C,,https://aktau.spravker.ru/uchebnyie-tsentryi/,catalog,,,,,no,0,base,
+77078822742,false,Smart Bala,Актау,KZ,other,,,,,C,,https://aktau.spravker.ru/uchebnyie-tsentryi/,catalog,,,,,no,0,base,
+77053493945,false,Bilim land,Актау,KZ,other,,,,,C,,https://aktau.spravker.ru/uchebnyie-tsentryi/,catalog,,,,,no,0,base,
+77716028254,false,Хаял,Актау,KZ,other,,,,,C,,https://aktau.spravker.ru/uchebnyie-tsentryi/,catalog,,,,,no,0,base,
+77073334233,true,Апельсинка,Актау,KZ,other,,,@apelsinka_aktau,,C,,https://apelsinka.inaktau.kz/,wa_link,,,,,no,0,base,
+77011278895,false,Шабыт,Актау,KZ,other,,,,,C,,https://www.inaktau.kz/catalog/17-778/obrazovanie-universitety-skoly-kursy/detskie-razvivausie-centry-doskolnye-zanatia,site_text,,,,,no,0,base,
+77757470802,false,Умит,Актау,KZ,other,,,,,C,,https://www.inaktau.kz/catalog/17-778/obrazovanie-universitety-skoly-kursy/detskie-razvivausie-centry-doskolnye-zanatia,site_text,,,,,no,0,base,
+77017389351,false,Заңғар,Актау,KZ,other,,,,,C,,https://www.inaktau.kz/catalog/17-778/obrazovanie-universitety-skoly-kursy/detskie-razvivausie-centry-doskolnye-zanatia,site_text,,,,,no,0,base,+77011115252
+77026021306,false,Балбулак,Актау,KZ,other,,,,,C,,https://www.inaktau.kz/catalog/17-778/obrazovanie-universitety-skoly-kursy/detskie-razvivausie-centry-doskolnye-zanatia,site_text,,,,,no,0,base,
+77014979860,false,Детская Академия,Актау,KZ,other,,,,,C,,https://www.inaktau.kz/catalog/17-778/obrazovanie-universitety-skoly-kursy/detskie-razvivausie-centry-doskolnye-zanatia,site_text,,,,,no,0,base,
+77023509140,false,Лидер Land,Актау,KZ,other,,,,,C,,https://www.inaktau.kz/catalog/17-778/obrazovanie-universitety-skoly-kursy/detskie-razvivausie-centry-doskolnye-zanatia,site_text,,,,,no,0,base,+77013574486;+77082224810
+77753488664,false,Bilimpaz,Актау,KZ,other,,,,,C,,https://www.inaktau.kz/catalog/17-778/obrazovanie-universitety-skoly-kursy/detskie-razvivausie-centry-doskolnye-zanatia,site_text,,,,,no,0,base,+77711257037
+77051775752,false,Futurum,Актау,KZ,other,,,,,C,,https://aktau.spravker.ru/detskie-razvivaiushchie/,site_text,,,,,no,0,base,
+77750947377,false,Normativ,Актау,KZ,other,,,,,C,,https://aktau.spravker.ru/detskie-razvivaiushchie/,site_text,,,,,no,0,base,
+77764493839,false,Rainbow,Актау,KZ,other,,,,,C,,https://aktau.spravker.ru/detskie-razvivaiushchie/,site_text,,,,,no,0,base,+77053773839
+77077435565,false,Развивайка,Актау,KZ,other,,,,,C,,https://aktau.spravker.ru/detskie-razvivaiushchie/,site_text,,,,,no,0,base,+77029285981
+77026265952,false,Абвгдейка,Актау,KZ,other,,,,,C,,https://aktau.spravker.ru/detskie-razvivaiushchie/,site_text,,,,,no,0,base,
+77752226111,false,Логос,Актау,KZ,other,,,,,C,,https://aktau.spravker.ru/detskie-razvivaiushchie/,site_text,,,,,no,0,base,+77054401551;+77788202192
+77756026611,false,Оркен,Актау,KZ,other,,,,,C,,https://aktau.spravker.ru/detskie-razvivaiushchie/,site_text,,,,,no,0,base,+77014530486
+77071896998,false,Талантливый цыпленок,Актау,KZ,other,,,,,C,,https://aktau.spravker.ru/detskie-razvivaiushchie/,site_text,,,,,no,0,base,
+77016694579,false,Ынта,Актау,KZ,other,,,,,C,,https://aktau.spravker.ru/detskie-razvivaiushchie/,site_text,,,,,no,0,base,+77016069961
+77013378208,false,Грамотейка,Актау,KZ,other,,,,,C,,https://aktau.spravker.ru/detskie-razvivaiushchie/,site_text,,,,,no,0,base,
+77782437016,false,Алгоритм,Актау,KZ,other,,,,,C,,https://aktau.spravker.ru/detskie-razvivaiushchie/,site_text,,,,,no,0,base,
+77780022785,false,Самрук,Актау,KZ,other,,,,,C,,https://aktau.spravker.ru/detskie-razvivaiushchie/,site_text,,,,,no,0,base,+77014579286
+77775992706,false,Радуга,Актау,KZ,other,,,,,C,,https://aktau.spravker.ru/detskie-razvivaiushchie/,site_text,,,,,no,0,base,
+77014536103,false,Буквоежка,Актау,KZ,other,,,,,C,,https://aktau.spravker.ru/detskie-razvivaiushchie/,site_text,,,,,no,0,base,+77025290609;+77029962988
+77472727438,false,Discovery,Актау,KZ,other,,,,,C,,https://aktau.spravker.ru/detskie-razvivaiushchie/,site_text,,,,,no,0,base,+77077767735
+77019733082,false,Айжан апай,Актау,KZ,other,,,,,C,,https://aktau.spravker.ru/detskie-razvivaiushchie/,site_text,,,,,no,0,base,
+77076555886,false,ВундерКинд,Актау,KZ,other,,,,,C,,https://aktau.spravker.ru/detskie-razvivaiushchie/,site_text,,,,,no,0,base,
+77714903535,false,Da Vincikids,Актау,KZ,other,,,,,C,,https://aktau.spravker.ru/detskie-razvivaiushchie/,site_text,,,,,no,0,base,
+77016185043,false,Монтессори-клуб,Актау,KZ,other,,,,,C,,https://aktau.spravker.ru/detskie-razvivaiushchie/,site_text,,,,,no,0,base,+77016711203
+77758781212,false,Smart Education,Актау,KZ,other,,,,,C,,https://aktau.spravker.ru/detskie-razvivaiushchie/,site_text,,,,,no,0,base,
+77132249784,false,Бал-Даурен,Актобе,KZ,other,,,,,C,,https://aktobe.iseducate.ru/uchebnye-tsentry/,tel_link,,,,,no,0,base,
+77018915501,false,KIBERone,Актобе,KZ,other,,,,,C,,https://aktobe.spravker.ru/uchebnyie-tsentryi/,site_text,,,,,no,0,base,
+77005143188,false,ЖулдыStar,Актобе,KZ,other,,,,,C,,https://aktobe.spravker.ru/uchebnyie-tsentryi/,site_text,,,,,no,0,base,+77764143188
+77473514321,false,Smart Kids,Актобе,KZ,other,,,,,C,,https://aktobe.spravker.ru/uchebnyie-tsentryi/,site_text,,,,,no,0,base,
+77711127704,true,ПК Программист,Актобе,KZ,other,,,,https://www.programmist.kz,C,,https://www.programmist.kz/,wa_link,,,,,no,0,base,
+77084177425,true,Robotix Kazakhstan,Актобе,KZ,other,,,@robotixaktobe,,C,,https://robotixkz.orgs.biz/,wa_link,,,,,no,0,base,
+77015018552,false,Abacus,Актобе,KZ,other,,,,,C,,https://lyubimiigorod.ru/aktobe/companies/13865,tel_link,,,,,no,0,base,
+77072322888,false,Train Your Brain,Актобе,KZ,other,,,,,C,,https://lyubimiigorod.ru/aktobe/companies/13865,tel_link,,,,,no,0,base,
+77074333853,false,Школа ментальной арифметики (Жанкожа Батыра),Актобе,KZ,other,,,,,C,,https://mestam.info/kz/aktobe/centri-rannego-razvitiya-detei,site_text,,,,,no,0,base,
+77758487827,false,Школа ментальной арифметики (12 мкр),Актобе,KZ,other,,,,,C,,https://mestam.info/kz/aktobe/centri-rannego-razvitiya-detei,site_text,,,,,no,0,base,
+77017178813,false,РОБОТРЕК,Актобе,KZ,other,,,,,C,,https://lyubimiigorod.ru/aktobe/companies/13865,tel_link,,,,,no,0,base,
+77132567386,false,Городской центр технического творчества,Актобе,KZ,other,,,,,C,,https://lyubimiigorod.ru/aktobe/companies/13865,tel_link,,,,,no,0,base,
+77755482155,false,MEGA Kids,Актобе,KZ,other,,,,,C,,https://mestam.info/kz/aktobe/centri-rannego-razvitiya-detei,site_text,,,,,no,0,base,
+77477737226,false,Mega Kids (Алтын орда),Актобе,KZ,other,,,,,C,,https://aktobe.spravker.ru/detskie-razvivaiushchie/,site_text,,,,,no,0,base,
+77767712002,false,Kids Academy,Актобе,KZ,other,,,,,C,,https://aktobe.spravker.ru/detskie-razvivaiushchie/,site_text,,,,,no,0,base,
+77132417549,false,Умная пчелка,Актобе,KZ,other,,,@umnaya_pchelka_aktobe,,C,,https://lyubimiigorod.ru/aktobe/companies/13865,tel_link,,,,,no,0,base,
+77132410421,false,Супер Я,Актобе,KZ,other,,,,,C,,https://lyubimiigorod.ru/aktobe/companies/13865,tel_link,,,,,no,0,base,
+77054959319,false,Study House,Актобе,KZ,other,,,,,C,,https://mestam.info/kz/aktobe/centri-rannego-razvitiya-detei,site_text,,,,,no,0,base,
+77074995653,false,Happy school,Актобе,KZ,other,,,,,C,,https://mestam.info/kz/aktobe/centri-rannego-razvitiya-detei,site_text,,,,,no,0,base,
+77132739303,false,Kinder boom,Актобе,KZ,other,,,,,C,,https://lyubimiigorod.ru/aktobe/companies/13865,tel_link,,,,,no,0,base,
+77132410624,false,Вундеркинд,Актобе,KZ,other,,,,,C,,https://lyubimiigorod.ru/aktobe/companies/13865,tel_link,,,,,no,0,base,
+77051147785,false,Эрудит,Актобе,KZ,other,,,,,C,,https://lyubimiigorod.ru/aktobe/companies/13865,tel_link,,,,,no,0,base,
+77057444444,false,AKTOBE.LETS,Актобе,KZ,other,,,,,C,,https://lyubimiigorod.ru/aktobe/companies/13865,tel_link,,,,,no,0,base,
+77132909571,false,MereyUm,Актобе,KZ,other,,,,,C,,https://lyubimiigorod.ru/aktobe/companies/13865,tel_link,,,,,no,0,base,
+77014836385,false,Family School,Актобе,KZ,other,,,,,C,,https://aktobe.spravker.ru/detskie-razvivaiushchie/,site_text,,,,,no,0,base,
+77016077310,false,Жанторе,Актобе,KZ,other,,,,,C,,https://aktobe.spravker.ru/detskie-razvivaiushchie/,site_text,,,,,no,0,base,
+77071716363,false,Келешек Kids,Актобе,KZ,other,,,,,C,,https://aktobe.spravker.ru/detskie-razvivaiushchie/,site_text,,,,,no,0,base,
+77754490544,false,Глобус,Актобе,KZ,other,,,,,C,,https://lyubimiigorod.ru/aktobe/companies/13865,tel_link,,,,,no,0,base,
+77054806512,false,Нур-Бакыт,Актобе,KZ,other,,,,,C,,https://lyubimiigorod.ru/aktobe/companies/13865,tel_link,,,,,no,0,base,
+77086778939,false,Умняшка,Актобе,KZ,other,,,,,C,,https://aktobe.spravker.ru/detskie-razvivaiushchie/,site_text,,,,,no,0,base,
+77075796791,false,Indigo,Актобе,KZ,other,,,,,C,,https://aktobe.spravker.ru/detskie-razvivaiushchie/,site_text,,,,,no,0,base,
+77055398277,false,ДАНИАТ R,Актобе,KZ,other,,,,,C,,https://lyubimiigorod.ru/aktobe/companies/13865,tel_link,,,,,no,0,base,
+77786983876,false,Reggio,Актобе,KZ,other,,,,,C,,https://aktobe.spravker.ru/detskie-razvivaiushchie/,site_text,,,,,no,0,base,
+77717430231,false,Асыл Мирас,Актобе,KZ,other,,,,,C,,https://aktobe.spravker.ru/detskie-razvivaiushchie/,site_text,,,,,no,0,base,
+77132235400,false,АНИМА,Актобе,KZ,other,,,,,C,,https://lyubimiigorod.ru/aktobe/companies/13865,tel_link,,,,,no,0,base,
+77072319495,true,ВСЕЗНАЙКА,Алматы,KZ,other,,,@vseznaika_almaty,https://vseznaika.kz,C,,https://vseznaika.kz/,wa_link,,,,,no,0,base,+77772222305
+77001230795,true,Boshon Robotics,Алматы,KZ,other,,,@boshon_education,https://boshon.kz,C,курсы робототехники для детей 8-14 лет (LEGO),https://www.boshon.kz/,wa_link,,,,,no,0,base,
+77017121216,false,IKIDS,Алматы,KZ,other,,,,http://ikidskz.kz,C,детский центр раннего развития,http://ikidskz.kz/,tel_link,,,,,no,0,base,+77272425256
+77771252775,true,Bala Like,Алматы,KZ,other,,,@bala_like_ala,https://balalike.kz,C,детский центр коррекции и развития,https://balalike.kz/,wa_link,,,,,no,0,base,+77478048054
+77072525095,true,"BYTE (Байт, развивающие занятия для детей)",Астана,KZ,other,,,@1bt.kz,https://1bt.kz,C,развивающие занятия и робототехника для детей в Астане,https://1bt.kz/,wa_link,,,,,no,0,base,
+77020001429,false,Teren Oi,Атырау,KZ,other,,,@terenoi.atyrau,https://terenoi.kz,C,,http://terenoi.kz/,site_text,,,,,no,0,base,+77758881429
+77759986651,true,Montessori School,Атырау,KZ,other,,,@montessorischool.atyrau,https://montessorischool.kz/,C,,https://montessorischool.kz/,wa_link,,,,,no,0,base,+77075054647
+77023415151,false,Академия шахмат Динары Садуакасовой,Атырау,KZ,other,,,,,C,,https://atyrau.spravker.ru/uchebnyie-tsentryi/,catalog,,,,,no,0,base,+77073415151;+77005415151
+77057925555,false,Академия Шаг,Атырау,KZ,other,,,,,C,,https://atyrau.spravker.ru/uchebnyie-tsentryi/,catalog,,,,,no,0,base,
+77013024500,false,Айжан Kids,Атырау,KZ,other,,,,,C,,https://atyrau.spravker.ru/uchebnyie-tsentryi/,catalog,,,,,no,0,base,
+77759170430,false,Saulemy,Атырау,KZ,other,,,,,C,,https://atyrau.spravker.ru/detskie-razvivaiushchie/,catalog,,,,,no,0,base,
+77781275654,false,Kidwik School,Атырау,KZ,other,,,,,C,,https://atyrau.spravker.ru/detskie-razvivaiushchie/,catalog,,,,,no,0,base,
+77020295778,false,KidZone,Атырау,KZ,other,,,,,C,,https://atyrau.spravker.ru/detskie-razvivaiushchie/,catalog,,,,,no,0,base,
+77785739085,false,Bolashaq Kids,Атырау,KZ,other,,,,,C,,https://atyrau.spravker.ru/detskie-razvivaiushchie/,catalog,,,,,no,0,base,
+77757351075,false,Ys education,Атырау,KZ,other,,,,,C,,https://atyrau.spravker.ru/detskie-razvivaiushchie/,catalog,,,,,no,0,base,
+77083356754,false,Partyum,Атырау,KZ,other,,,,,C,,https://atyrau.spravker.ru/detskie-razvivaiushchie/,catalog,,,,,no,0,base,
+77021889009,false,SmartUm,Атырау,KZ,other,,,,,C,,https://atyrau.spravker.ru/detskie-razvivaiushchie/,catalog,,,,,no,0,base,
+77781082608,false,Robo Park,Атырау,KZ,other,,,,,C,,https://atyrau.spravker.ru/detskie-razvivaiushchie/,catalog,,,,,no,0,base,
+77010708470,false,Best Kids,Атырау,KZ,other,,,,https://bestkids.kz,C,,https://atyrau.spravker.ru/detskie-razvivaiushchie/,catalog,,,,,no,0,base,
+77751858548,false,Sapsan,Атырау,KZ,other,,,,,C,,https://atyrau.spravker.ru/detskie-razvivaiushchie/,catalog,,,,,no,0,base,
+77017482444,false,Ecoland,Атырау,KZ,other,,,,,C,,https://atyrau.spravker.ru/detskie-razvivaiushchie/,catalog,,,,,no,0,base,
+77078986572,false,Clever Kids,Атырау,KZ,other,,,,,C,,https://atyrau.spravker.ru/detskie-razvivaiushchie/,catalog,,,,,no,0,base,
+77710806600,false,Talento Kids,Атырау,KZ,other,,,,,C,,https://atyrau.spravker.ru/detskie-razvivaiushchie/,catalog,,,,,no,0,base,
+77760889944,false,My Mentor School,Атырау,KZ,other,,,,,C,,https://atyrau.spravker.ru/detskie-razvivaiushchie/,catalog,,,,,no,0,base,
+77750472564,false,Лига Супергероев,Атырау,KZ,other,,,,,C,,https://atyrau.spravker.ru/detskie-razvivaiushchie/,catalog,,,,,no,0,base,
+77087613147,false,Цветной песок,Атырау,KZ,other,,,,,C,,https://atyrau.spravker.ru/detskie-razvivaiushchie/,catalog,,,,,no,0,base,
+77016153330,false,Айналайын,Атырау,KZ,other,,,,,C,,https://atyrau.spravker.ru/detskie-razvivaiushchie/,catalog,,,,,no,0,base,
+77016068662,false,Aqyldym,Атырау,KZ,other,,,,,C,,https://atyrau.spravker.ru/detskie-razvivaiushchie/,catalog,,,,,no,0,base,
+77782463001,false,Light School,Атырау,KZ,other,,,,,C,,https://atyrau.spravker.ru/detskie-razvivaiushchie/,catalog,,,,,no,0,base,
+77059173009,false,Play & Study,Атырау,KZ,other,,,,,C,,https://atyrau.spravker.ru/detskie-razvivaiushchie/,catalog,,,,,no,0,base,
+77782491511,false,Umbrella,Атырау,KZ,other,,,,,C,,https://atyrau.spravker.ru/detskie-razvivaiushchie/,catalog,,,,,no,0,base,
+77758889432,false,ABC,Атырау,KZ,other,,,,,C,,https://atyrau.spravker.ru/detskie-razvivaiushchie/,catalog,,,,,no,0,base,
+77029974855,false,Бiлiм.kz,Атырау,KZ,other,,,,,C,,https://atyrau.spravker.ru/detskie-razvivaiushchie/,catalog,,,,,no,0,base,
+77473054397,false,Junior,Атырау,KZ,other,,,,,C,,https://atyrau.spravker.ru/detskie-razvivaiushchie/,catalog,,,,,no,0,base,
+77756817693,false,Ansar,Атырау,KZ,other,,,,,C,,https://atyrau.spravker.ru/detskie-razvivaiushchie/,catalog,,,,,no,0,base,
+77783280505,false,West Education,Атырау,KZ,other,,,,,C,,https://atyrau.spravker.ru/detskie-razvivaiushchie/,catalog,,,,,no,0,base,
+77010668388,false,Nur Amir,Атырау,KZ,other,,,,,C,,https://atyrau.spravker.ru/detskie-razvivaiushchie/,catalog,,,,,no,0,base,
+77001008686,false,Zerde,Атырау,KZ,other,,,,,C,,https://atyrau.spravker.ru/detskie-razvivaiushchie/,catalog,,,,,no,0,base,
+77089878077,false,My school,Атырау,KZ,other,,,,,C,,https://atyrau.spravker.ru/detskie-razvivaiushchie/,catalog,,,,,no,0,base,
+77026001127,false,Serpin,Атырау,KZ,other,,,,,C,,https://atyrau.spravker.ru/detskie-razvivaiushchie/,catalog,,,,,no,0,base,
+77014918131,false,Smart Land,Атырау,KZ,other,,,,,C,,https://atyrau.spravker.ru/detskie-razvivaiushchie/,catalog,,,,,no,0,base,
+996770744477,true,GeekTech,Бишкек,KG,other,,,@geektech__kg,,C,,https://bishkek.adresa-telefony.ru/geektech-102065.html,wa_link,,,,,no,0,base,
+996500664993,true,Pro Kids,Бишкек,KG,other,,,,,C,,https://bishkek.bebeshka.info/bishkek/pro-kids-1243852/,wa_link,,,,,no,0,base,
+996550152584,false,Филос,Бишкек,KG,other,,,,,C,,https://urbanplaces.su/kg_bishkek/bishkek/category-tsentryi-rannego-razvitiya-detej,tel_link,,,,,no,0,base,+996706152584;+996772152584
+996550007553,false,Синяя птица,Бишкек,KG,other,,,,,C,,https://urbanplaces.su/kg_bishkek/bishkek/category-tsentryi-rannego-razvitiya-detej,tel_link,,,,,no,0,base,
+996777585004,false,Шайыр балалык,Бишкек,KG,other,,,,,C,,https://urbanplaces.su/kg_bishkek/bishkek/category-tsentryi-rannego-razvitiya-detej,tel_link,,,,,no,0,base,+996312521508
+996558909020,false,Светоч,Бишкек,KG,other,,,,,C,,https://urbanplaces.su/kg_bishkek/bishkek/category-tsentryi-rannego-razvitiya-detej,tel_link,,,,,no,0,base,
+996550781357,false,Baby Boom,Бишкек,KG,other,,,,,C,,https://urbanplaces.su/kg_bishkek/bishkek/category-tsentryi-rannego-razvitiya-detej,tel_link,,,,,no,0,base,
+996550512231,false,Развивайка,Бишкек,KG,other,,,@razvivaikabishkek,https://children.kg,C,,https://urbanplaces.su/kg_bishkek/bishkek/category-tsentryi-rannego-razvitiya-detej,tel_link,,,,,no,0,base,+996700512231
+996555623788,false,Аккорд,Бишкек,KG,other,,,,,C,,https://urbanplaces.su/kg_bishkek/bishkek/category-tsentryi-rannego-razvitiya-detej,tel_link,,,,,no,0,base,+996700623788;+996771623788
+996556350673,false,Kinder City,Бишкек,KG,other,,,,,C,,https://urbanplaces.su/kg_bishkek/bishkek/category-tsentryi-rannego-razvitiya-detej,tel_link,,,,,no,0,base,
+996555240103,false,Зарина,Бишкек,KG,other,,,,,C,,https://urbanplaces.su/kg_bishkek/bishkek/category-tsentryi-rannego-razvitiya-detej,tel_link,,,,,no,0,base,+996555674146;+996700674146;+996709557503
+996700775381,false,Центр современного образования,Бишкек,KG,other,,,,,C,,https://urbanplaces.su/kg_bishkek/bishkek/category-tsentryi-rannego-razvitiya-detej,tel_link,,,,,no,0,base,+996773119254
+996772162539,false,Таберик,Бишкек,KG,other,,,,,C,,https://urbanplaces.su/kg_bishkek/bishkek/category-tsentryi-rannego-razvitiya-detej,tel_link,,,,,no,0,base,
+996555760260,false,Умничка,Бишкек,KG,other,,,,,C,,https://urbanplaces.su/kg_bishkek/bishkek/category-tsentryi-rannego-razvitiya-detej,tel_link,,,,,no,0,base,
+996550055592,false,МИР ЗНАНИЙ,Бишкек,KG,other,,,,,C,,https://urbanplaces.su/kg_bishkek/bishkek/category-tsentryi-rannego-razvitiya-detej,tel_link,,,,,no,0,base,
+996500556789,false,Золотой ключик,Бишкек,KG,other,,,,,C,,https://urbanplaces.su/kg_bishkek/bishkek/category-tsentryi-rannego-razvitiya-detej,tel_link,,,,,no,0,base,
+996505250362,false,ИМПУЛЬС,Бишкек,KG,other,,,,,C,,https://urbanplaces.su/kg_bishkek/bishkek/category-tsentryi-rannego-razvitiya-detej,tel_link,,,,,no,0,base,+996777471840
+996704199201,false,Асылай,Бишкек,KG,other,,,,,C,,https://urbanplaces.su/kg_bishkek/bishkek/category-tsentryi-rannego-razvitiya-detej,tel_link,,,,,no,0,base,+996702634019
+996551624747,false,Малыш,Бишкек,KG,other,,,,,C,,https://urbanplaces.su/kg_bishkek/bishkek/category-tsentryi-rannego-razvitiya-detej,tel_link,,,,,no,0,base,+996312624848
+996550102784,false,Совенок,Бишкек,KG,other,,,,,C,,https://urbanplaces.su/kg_bishkek/bishkek/category-tsentryi-rannego-razvitiya-detej,tel_link,,,,,no,0,base,+996707537194
+996555961534,false,Excellent,Бишкек,KG,other,,,,,C,,https://urbanplaces.su/kg_bishkek/bishkek/category-tsentryi-rannego-razvitiya-detej,tel_link,,,,,no,0,base,+996772185506
+996700135379,false,ATTILA,Бишкек,KG,other,,,,,C,,https://urbanplaces.su/kg_bishkek/bishkek/category-tsentryi-rannego-razvitiya-detej,tel_link,,,,,no,0,base,+996702035738
+996557388169,false,Fantasy people,Бишкек,KG,other,,,,,C,,https://urbanplaces.su/kg_bishkek/bishkek/category-tsentryi-rannego-razvitiya-detej,tel_link,,,,,no,0,base,
+996707768338,false,Обучайка.kg,Бишкек,KG,other,,,,,C,,https://urbanplaces.su/kg_bishkek/bishkek/category-tsentryi-rannego-razvitiya-detej,tel_link,,,,,no,0,base,
+996553205206,false,Las mamas,Бишкек,KG,other,,,,,C,,https://urbanplaces.su/kg_bishkek/bishkek/category-tsentryi-rannego-razvitiya-detej,tel_link,,,,,no,0,base,
+996551818999,false,Звездочки,Бишкек,KG,other,,,,,C,,https://urbanplaces.su/kg_bishkek/bishkek/category-tsentryi-rannego-razvitiya-detej,tel_link,,,,,no,0,base,+996552999336
+996701178880,false,Академия роста,Бишкек,KG,other,,,,https://rost.kg,C,,https://urbanplaces.su/kg_bishkek/bishkek/category-tsentryi-rannego-razvitiya-detej,tel_link,,,,,no,0,base,+996700283838
+996559013331,false,Smartum,Бишкек,KG,other,,,,,C,,https://urbanplaces.su/kg_bishkek/bishkek/category-tsentryi-rannego-razvitiya-detej,tel_link,,,,,no,0,base,
+996555931552,false,Бекхан,Бишкек,KG,other,,,,,C,,https://urbanplaces.su/kg_bishkek/bishkek/category-tsentryi-rannego-razvitiya-detej,tel_link,,,,,no,0,base,
+996551045304,false,Аяй,Бишкек,KG,other,,,,,C,,https://urbanplaces.su/kg_bishkek/bishkek/category-tsentryi-rannego-razvitiya-detej,tel_link,,,,,no,0,base,+996708117662
+996775289728,false,Детвора,Бишкек,KG,other,,,,,C,,https://urbanplaces.su/kg_bishkek/bishkek/category-tsentryi-rannego-razvitiya-detej,tel_link,,,,,no,0,base,+996312462800;+996312462882
+996554909051,false,ВЫСШИЙ БАЛЛ,Бишкек,KG,other,,,,,C,,https://urbanplaces.su/kg_bishkek/bishkek/category-tsentryi-rannego-razvitiya-detej,tel_link,,,,,no,0,base,
+996312315847,false,Алтын-Туйун,Бишкек,KG,other,,,,,C,,https://urbanplaces.su/kg_bishkek/bishkek/category-tsentryi-rannego-razvitiya-detej,tel_link,,,,,no,0,base,
+77015218371,false,Пифагорка,Караганда,KZ,other,,,,,C,,https://karaganda.spravker.ru/obuchenie-za-rubezhom/,site_text,,,,,no,0,base,
+77083365356,false,Kajet,Караганда,KZ,other,,,,,C,,https://karaganda.spravker.ru/uchebnyie-tsentryi/,catalog,,,,,no,0,base,+77073365356;+77003365356
+77084360630,false,Ardcon,Караганда,KZ,other,,,,,C,,https://karaganda.spravker.ru/uchebnyie-tsentryi/,catalog,,,,,no,0,base,
+77758821883,false,Учебно-курсовой комбинат,Караганда,KZ,other,,,,,C,,https://karaganda.spravker.ru/uchebnyie-tsentryi/,catalog,,,,,no,0,base,
+77789250822,false,Учебно-производственный центр Авангард,Караганда,KZ,other,,,,,C,,https://karaganda.spravker.ru/uchebnyie-tsentryi/,catalog,,,,,no,0,base,+77761687847
+77780970497,false,Крошкин дом / New York school,Караганда,KZ,other,,,,,C,,https://karaganda.spravker.ru/uchebnyie-tsentryi/,catalog,,,,,no,0,base,+77781490871;+77081683001;+77081683009
+77775729438,false,Access Education,Караганда,KZ,other,,,,,C,,https://karaganda.spravker.ru/uchebnyie-tsentryi/,catalog,,,,,no,0,base,
+77089696425,false,Инженер 2015,Караганда,KZ,other,,,,,C,,https://karaganda.spravker.ru/uchebnyie-tsentryi/,catalog,,,,,no,0,base,+77089696424
+77789788867,false,Академия шахмат Б. Касимова,Караганда,KZ,other,,,,,C,,https://karaganda.spravker.ru/detskie-razvivaiushchie/,catalog,,,,,no,0,base,
+77001070637,false,Ассоль (детский развивающий центр),Караганда,KZ,other,,,,,C,,https://karaganda.spravker.ru/detskie-razvivaiushchie/,catalog,,,,,no,0,base,+77015282374
+77471202557,false,Дарынды бала,Караганда,KZ,other,,,,,C,,https://karaganda.spravker.ru/detskie-razvivaiushchie/,catalog,,,,,no,0,base,+77014243248
+77715819224,false,Алгоритмика Караганда,Караганда,KZ,other,,,,,C,,https://karaganda.spravker.ru/detskie-razvivaiushchie/,catalog,,,,,no,0,base,
+77053006677,false,Детский развивающий центр Kid's Club,Караганда,KZ,other,,,,,C,,https://karaganda.spravker.ru/detskie-razvivaiushchie/,catalog,,,,,no,0,base,
+77782768777,false,Наш дом (детский центр),Караганда,KZ,other,,,,,C,,https://karaganda.spravker.ru/detskie-razvivaiushchie/,catalog,,,,,no,0,base,
+77766883666,false,Гвоздичка (детский центр),Караганда,KZ,other,,,,,C,,https://karaganda.spravker.ru/detskie-razvivaiushchie/,catalog,,,,,no,0,base,
+77012031291,false,Звёздочки (детский центр),Караганда,KZ,other,,,,,C,,https://karaganda.spravker.ru/detskie-razvivaiushchie/,catalog,,,,,no,0,base,
+77014166986,false,Balpan (детский центр),Караганда,KZ,other,,,,,C,,https://karaganda.spravker.ru/detskie-razvivaiushchie/,catalog,,,,,no,0,base,+77024795378
+77084361036,false,Aqyldy Bala,Караганда,KZ,other,,,,,C,,https://karaganda.spravker.ru/detskie-razvivaiushchie/,catalog,,,,,no,0,base,+77471614754
+77051882003,false,Фантазия Kids,Караганда,KZ,other,,,,,C,,https://karaganda.spravker.ru/detskie-razvivaiushchie/,catalog,,,,,no,0,base,
+77765877666,false,We Love Art (арт-студия для детей),Караганда,KZ,other,,,,,C,,https://karaganda.spravker.ru/detskie-razvivaiushchie/,catalog,,,,,no,0,base,
+77002012860,false,IQ (детский развивающий центр),Караганда,KZ,other,,,,,C,,https://karaganda.spravker.ru/detskie-razvivaiushchie/,catalog,,,,,no,0,base,
+77789945635,false,Развивашка (детский центр),Караганда,KZ,other,,,,,C,,https://karaganda.spravker.ru/detskie-razvivaiushchie/,catalog,,,,,no,0,base,
+77755063737,false,Индиго (детский развивающий центр),Караганда,KZ,other,,,,,C,,https://karaganda.spravker.ru/detskie-razvivaiushchie/,catalog,,,,,no,0,base,+77014856635;+77478495701
+77024710692,false,Семисветик (детский центр),Караганда,KZ,other,,,,,C,,https://karaganda.spravker.ru/detskie-razvivaiushchie/,catalog,,,,,no,0,base,+77015242132;+77012661706
+77015323922,false,Montessori-Bambino,Караганда,KZ,other,,,,,C,,https://karaganda.spravker.ru/detskie-razvivaiushchie/,catalog,,,,,no,0,base,
+77755677056,false,Da Vinci (детский центр),Караганда,KZ,other,,,,,C,,https://karaganda.spravker.ru/detskie-razvivaiushchie/,catalog,,,,,no,0,base,
+77710067373,false,Еркемай (детский центр),Караганда,KZ,other,,,,,C,,https://karaganda.spravker.ru/detskie-razvivaiushchie/,catalog,,,,,no,0,base,
+77075315318,false,Я сам! (детский развивающий центр),Караганда,KZ,other,,,,,C,,https://karaganda.spravker.ru/detskie-razvivaiushchie/,catalog,,,,,no,0,base,
+77773960999,false,Спикер (детский речевой центр),Караганда,KZ,other,,,,,C,,https://karaganda.spravker.ru/detskie-razvivaiushchie/,catalog,,,,,no,0,base,+77773060999
+77777779209,false,Bibigon (детский центр),Караганда,KZ,other,,,,,C,,https://karaganda.spravker.ru/detskie-razvivaiushchie/,catalog,,,,,no,0,base,+77712006782
+77779495199,false,Азбука (детский развивающий центр),Караганда,KZ,other,,,,,C,,https://karaganda.spravker.ru/detskie-razvivaiushchie/,catalog,,,,,no,0,base,+77479501127
+77712078760,false,Колокольчик (детский центр),Караганда,KZ,other,,,,,C,,https://karaganda.spravker.ru/detskie-razvivaiushchie/,catalog,,,,,no,0,base,+77013138938
+77007166716,false,Kinderland (детский центр),Караганда,KZ,other,,,,,C,,https://karaganda.spravker.ru/detskie-razvivaiushchie/,catalog,,,,,no,0,base,+77001491137;+77473300243
+77003810890,false,Smart Land (образовательный центр),Караганда,KZ,other,,,,,C,,https://karaganda.spravker.ru/detskie-razvivaiushchie/,catalog,,,,,no,0,base,
+77015248300,false,Школа скорочтения и управления информацией,Караганда,KZ,other,,,,,C,,https://karaganda.spravker.ru/detskie-razvivaiushchie/,catalog,,,,,no,0,base,
+77758863581,false,Technosphera.kz (IT-курсы),Караганда,KZ,other,,,,,C,,https://karaganda.spravker.ru/uchebnyie-tsentryi/,catalog,,,,,no,0,base,+77014551591
+77754488303,false,Ainalaiyn (детский центр),Караганда,KZ,other,,,,,C,,https://karaganda.spravker.ru/uchebnyie-tsentryi/,catalog,,,,,no,0,base,+77771460884;+77755650408
+77714305533,false,Букваежка,Костанай,KZ,other,,,,,C,,https://kostanai.spravker.ru/detskie-razvivaiushchie/,site_text,,,,,no,0,base,+77056028017
+77715169780,false,The Family Nest,Костанай,KZ,other,,,,,C,,https://kostanai.spravker.ru/detskie-razvivaiushchie/,site_text,,,,,no,0,base,+77782026009;+77718469240;+77028478443
+77082333781,false,Уники,Костанай,KZ,other,,,,,C,,https://kostanai.spravker.ru/detskie-razvivaiushchie/,site_text,,,,,no,0,base,
+77023333748,false,Полянка,Костанай,KZ,other,,,,,C,,https://kostanai.spravker.ru/detskie-razvivaiushchie/,site_text,,,,,no,0,base,+77769996421
+77075446040,false,Baby Academy,Костанай,KZ,other,,,,,C,,https://kostanai.spravker.ru/detskie-razvivaiushchie/,site_text,,,,,no,0,base,
+77056804636,false,Развитие,Костанай,KZ,other,,,,,C,,https://kostanai.spravker.ru/detskie-razvivaiushchie/,site_text,,,,,no,0,base,
+77783475558,false,Город знаний,Костанай,KZ,other,,,,,C,,https://kostanai.spravker.ru/detskie-razvivaiushchie/,site_text,,,,,no,0,base,
+77771197463,false,IQ007,Костанай,KZ,other,,,,,C,,https://kostanai.spravker.ru/detskie-razvivaiushchie/,site_text,,,,,no,0,base,
+77779002757,false,Пупавка,Костанай,KZ,other,,,,,C,,https://kostanai.spravker.ru/detskie-razvivaiushchie/,site_text,,,,,no,0,base,+77755221771
+77774884588,false,Алем,Костанай,KZ,other,,,,,C,,https://kostanai.spravker.ru/detskie-razvivaiushchie/,site_text,,,,,no,0,base,
+77770276969,false,Пороро,Костанай,KZ,other,,,,,C,,https://kostanai.spravker.ru/detskie-razvivaiushchie/,site_text,,,,,no,0,base,
+77056671830,false,Мирэль+,Костанай,KZ,other,,,,,C,,https://kostanai.spravker.ru/detskie-razvivaiushchie/,site_text,,,,,no,0,base,
+77012212973,false,NewMonthSchool,Костанай,KZ,other,,,,,C,,https://kostanai.spravker.ru/detskie-razvivaiushchie/,site_text,,,,,no,0,base,+77775154123
+77788240475,false,IQ,Костанай,KZ,other,,,,,C,,https://kostanai.spravker.ru/detskie-razvivaiushchie/,site_text,,,,,no,0,base,+77054562676
+77027037000,false,Дошколёнок,Костанай,KZ,other,,,,,C,,https://kostanai.spravker.ru/detskie-razvivaiushchie/,site_text,,,,,no,0,base,+77777437494
+77472607161,false,SuBa,Костанай,KZ,other,,,,,C,,https://kostanai.spravker.ru/detskie-razvivaiushchie/,site_text,,,,,no,0,base,+77472942152
+77028565356,false,Уникум,Костанай,KZ,other,,,,,C,,https://kostanai.spravker.ru/detskie-razvivaiushchie/,site_text,,,,,no,0,base,
+77776947944,false,Детская парковка,Костанай,KZ,other,,,,,C,,https://kostanai.spravker.ru/detskie-razvivaiushchie/,site_text,,,,,no,0,base,
+77478578068,false,Потенциал,Костанай,KZ,other,,,,,C,,https://kostanai.spravker.ru/detskie-razvivaiushchie/,site_text,,,,,no,0,base,
+77056703924,false,Babyroom,Костанай,KZ,other,,,,,C,,https://kostanai.spravker.ru/detskie-razvivaiushchie/,site_text,,,,,no,0,base,
+77778983170,false,Art Studio Home,Костанай,KZ,other,,,,,C,,https://kostanai.spravker.ru/detskie-razvivaiushchie/,site_text,,,,,no,0,base,
+77021495866,false,Speakaboo,Костанай,KZ,other,,,,,C,,https://kostanai.spravker.ru/detskie-razvivaiushchie/,site_text,,,,,no,0,base,
+77473080529,false,Baby time,Костанай,KZ,other,,,,,C,,https://kostanai.spravker.ru/detskie-razvivaiushchie/,site_text,,,,,no,0,base,+77716044572;+77077843251
+77029049354,false,Clever,Костанай,KZ,other,,,,,C,,https://kostanai.spravker.ru/detskie-razvivaiushchie/,site_text,,,,,no,0,base,
+77028576275,false,Masterclass,Костанай,KZ,other,,,,,C,,https://kostanai.spravker.ru/detskie-razvivaiushchie/,site_text,,,,,no,0,base,
+77715053192,false,Infano,Костанай,KZ,other,,,@infano.kost,,C,,https://kostanai.spravker.ru/detskie-razvivaiushchie/,site_text,,,,,no,0,base,
+77474081816,false,Академия речи,Костанай,KZ,other,,,,,C,,https://kostanai.spravker.ru/detskie-razvivaiushchie/,site_text,,,,,no,0,base,
+77785593204,false,Aiva,Костанай,KZ,other,,,,,C,,https://kostanai.spravker.ru/detskie-razvivaiushchie/,site_text,,,,,no,0,base,
+77779006155,false,Эрудит,Костанай,KZ,other,,,,,C,,https://kostanai.spravker.ru/detskie-razvivaiushchie/,site_text,,,,,no,0,base,
+77773763373,false,Байтерек,Костанай,KZ,other,,,,,C,,https://kostanai.spravker.ru/detskie-razvivaiushchie/,site_text,,,,,no,0,base,
+77052231031,false,Чудо-Чадо,Костанай,KZ,other,,,,,C,,https://kostanai.spravker.ru/detskie-razvivaiushchie/,site_text,,,,,no,0,base,+77714310884
+77756975553,false,Аманат и К,Костанай,KZ,other,,,,,C,,https://kostanai.spravker.ru/detskie-razvivaiushchie/,site_text,,,,,no,0,base,
+77773791565,false,Гимназия для Дошколят,Костанай,KZ,other,,,,,C,,https://kostanai.spravker.ru/detskie-razvivaiushchie/,site_text,,,,,no,0,base,+77055757149
+77051864809,false,Дарын,Костанай,KZ,other,,,,,C,,https://kostanai.spravker.ru/detskie-razvivaiushchie/,site_text,,,,,no,0,base,+77056587833
+77024177859,false,Ikigai,Костанай,KZ,other,,,,,C,,https://kostanai.spravker.ru/detskie-razvivaiushchie/,site_text,,,,,no,0,base,
+77757470965,false,Я знаю,Костанай,KZ,other,,,,,C,,https://kostanai.spravker.ru/detskie-razvivaiushchie/,site_text,,,,,no,0,base,+77763902626;+77056695604
+77070412355,false,Mosaic,Костанай,KZ,other,,,,,C,,https://kostanai.spravker.ru/detskie-razvivaiushchie/,site_text,,,,,no,0,base,
+77476245156,false,Sana Kids,Кызылорда,KZ,other,,,,,C,,https://kz.spravbiz.ru/kyizyilorda/obrazovanie/uchebnye-tsentry/,site_text,,,,,no,0,base,
+77473058171,false,Junior,Кызылорда,KZ,other,,,,,C,,https://kz.spravbiz.ru/kyizyilorda/obrazovanie/uchebnye-tsentry/,site_text,,,,,no,0,base,
+77754381555,false,Barys,Кызылорда,KZ,other,,,,,C,,https://kyzyloroda.spravker.ru/detskie-razvivaiushchie/,catalog,,,,,no,0,base,+77028715550
+77058886342,false,Cmg Kids,Кызылорда,KZ,other,,,,,C,,https://kyzyloroda.spravker.ru/detskie-razvivaiushchie/,catalog,,,,,no,0,base,
+77027620099,false,Sirius,Кызылорда,KZ,other,,,,,C,,https://kyzyloroda.spravker.ru/detskie-razvivaiushchie/,catalog,,,,,no,0,base,
+77773360560,false,Детский центр развития,Кызылорда,KZ,other,,,,,C,,https://kyzyloroda.spravker.ru/detskie-razvivaiushchie/,catalog,,,,,no,0,base,+77056930310
+77765673232,false,Qosyl,Кызылорда,KZ,other,,,,,C,,https://kyzyloroda.spravker.ru/detskie-razvivaiushchie/,catalog,,,,,no,0,base,+77007484818
+77475544470,false,Samruk Kids,Кызылорда,KZ,other,,,,,C,,https://kyzyloroda.spravker.ru/detskie-razvivaiushchie/,catalog,,,,,no,0,base,+77756641463;+77752497058
+77473907077,false,Gibrat,Кызылорда,KZ,other,,,,,C,,https://kyzyloroda.spravker.ru/detskie-razvivaiushchie/,catalog,,,,,no,0,base,+77004907077
+77774778787,false,Оркен,Кызылорда,KZ,other,,,,,C,,https://kyzyloroda.spravker.ru/detskie-razvivaiushchie/,catalog,,,,,no,0,base,+77715113021;+77774778788;+77082203091;+77770950319
+77781690249,false,Индиго,Кызылорда,KZ,other,,,,,C,,https://kyzyloroda.spravker.ru/detskie-razvivaiushchie/,catalog,,,,,no,0,base,+77714808812;+77081346607
+77002420012,false,Lider school,Кызылорда,KZ,other,,,,,C,,https://kyzyloroda.spravker.ru/detskie-razvivaiushchie/,catalog,,,,,no,0,base,
+77072840524,false,Ozat,Кызылорда,KZ,other,,,,,C,,https://kyzyloroda.spravker.ru/detskie-razvivaiushchie/,catalog,,,,,no,0,base,
+77471719693,false,Би Бота,Кызылорда,KZ,other,,,,,C,,https://kyzyloroda.spravker.ru/detskie-razvivaiushchie/,catalog,,,,,no,0,base,
+77082029649,false,Senim land,Кызылорда,KZ,other,,,,,C,,https://kyzyloroda.spravker.ru/detskie-razvivaiushchie/,catalog,,,,,no,0,base,
+77051160479,false,Baby Grow,Кызылорда,KZ,other,,,,,C,,https://kyzyloroda.spravker.ru/detskie-razvivaiushchie/,catalog,,,,,no,0,base,+77751257390
+77750855898,false,Медина,Кызылорда,KZ,other,,,,,C,,https://kyzyloroda.spravker.ru/detskie-razvivaiushchie/,catalog,,,,,no,0,base,+77750835898
+77470185638,false,Айзере,Кызылорда,KZ,other,,,,,C,,https://kyzyloroda.spravker.ru/detskie-razvivaiushchie/,catalog,,,,,no,0,base,
+77781689069,false,Zerdeli Kyzylorda,Кызылорда,KZ,other,,,,,C,,https://kyzyloroda.spravker.ru/detskie-razvivaiushchie/,catalog,,,,,no,0,base,
+77051033266,false,Wunder-kids,Кызылорда,KZ,other,,,,,C,,https://kyzyloroda.spravker.ru/detskie-razvivaiushchie/,catalog,,,,,no,0,base,+77779585710
+77082647336,false,Дарынды бала,Кызылорда,KZ,other,,,,,C,,https://kyzyloroda.spravker.ru/detskie-razvivaiushchie/,catalog,,,,,no,0,base,
+77768761011,false,Жас Урпак,Кызылорда,KZ,other,,,,,C,,https://kyzyloroda.spravker.ru/detskie-razvivaiushchie/,catalog,,,,,no,0,base,+77021459636;+77759908047
+77059841212,false,Шаттан,Кызылорда,KZ,other,,,,,C,,https://kyzyloroda.spravker.ru/detskie-razvivaiushchie/,catalog,,,,,no,0,base,
+77070647475,false,Детский технопарк,Кызылорда,KZ,other,,,,,C,,https://kyzyloroda.spravker.ru/detskie-razvivaiushchie/,catalog,,,,,no,0,base,
+77057056487,false,Балдаурен,Кызылорда,KZ,other,,,,,C,,https://kyzyloroda.spravker.ru/detskie-razvivaiushchie/,catalog,,,,,no,0,base,+77057870507
+77074337041,false,Жанеркем,Кызылорда,KZ,other,,,,,C,,https://kyzyloroda.spravker.ru/detskie-razvivaiushchie/,catalog,,,,,no,0,base,
+77073875685,false,Syrdarya,Кызылорда,KZ,other,,,,,C,,https://kyzyloroda.spravker.ru/detskie-razvivaiushchie/,catalog,,,,,no,0,base,
+77756428912,false,Logo kids,Кызылорда,KZ,other,,,,,C,,https://kyzyloroda.spravker.ru/detskie-razvivaiushchie/,catalog,,,,,no,0,base,+77756428911
+77775570313,false,NF-Olimp,Кызылорда,KZ,other,,,,,C,,https://kyzyloroda.spravker.ru/detskie-razvivaiushchie/,catalog,,,,,no,0,base,+77775770313
+77770593551,false,Zhaniya school,Кызылорда,KZ,other,,,,,C,,https://kyzyloroda.spravker.ru/detskie-razvivaiushchie/,catalog,,,,,no,0,base,
+77018597112,false,Островок творчества,Кызылорда,KZ,other,,,,,C,,https://kyzyloroda.spravker.ru/detskie-razvivaiushchie/,catalog,,,,,no,0,base,+77076988042
+77751898899,false,АиД,Кызылорда,KZ,other,,,,,C,,https://kyzyloroda.spravker.ru/detskie-razvivaiushchie/,catalog,,,,,no,0,base,+77051147393
+77477020513,false,Жан-М,Кызылорда,KZ,other,,,,,C,,https://kyzyloroda.spravker.ru/detskie-razvivaiushchie/,catalog,,,,,no,0,base,
+77076179099,false,Sarymaq,Кызылорда,KZ,other,,,,,C,,https://kyzyloroda.spravker.ru/detskie-razvivaiushchie/,catalog,,,,,no,0,base,+77070309099
+77787847129,false,Жас Талант,Кызылорда,KZ,other,,,,,C,,https://kyzyloroda.spravker.ru/detskie-razvivaiushchie/,catalog,,,,,no,0,base,
+77772788179,false,Үміт,Кызылорда,KZ,other,,,,,C,,https://kyzyloroda.spravker.ru/detskie-razvivaiushchie/,catalog,,,,,no,0,base,
+77786007799,true,Geron,Павлодар,KZ,other,,,,,C,,https://taplink.cc/centre_geron,wa_link,,,,,no,0,base,
+77059008065,false,Развивайка,Павлодар,KZ,other,,,,,C,,https://pavlodar.spravka.kz/nauka-i-obrazovanie/uchebnye-centry,site_text,,,,,no,0,base,
+77182323511,false,Mega Kids,Павлодар,KZ,other,,,,,C,,https://pavlodar.spravka.kz/nauka-i-obrazovanie/uchebnye-centry,site_text,,,,,no,0,base,
+77182513008,false,Центр чтения Ольги Лысенко,Павлодар,KZ,other,,,,,C,,https://pavlodar.spravka.kz/nauka-i-obrazovanie/uchebnye-centry,site_text,,,,,no,0,base,
+77081912957,false,Reality,Павлодар,KZ,other,,,@reality_educentre,,C,,https://pavlodar.spravka.kz/nauka-i-obrazovanie/uchebnye-centry,site_text,,,,,no,0,base,
+77182781115,false,Зерек,Павлодар,KZ,other,,,@zerek_01,,C,,https://pavlodar.spravka.kz/nauka-i-obrazovanie/uchebnye-centry,site_text,,,,,no,0,base,
+77054090225,false,Danyshpan,Павлодар,KZ,other,,,,,C,,https://pavlodar.jsprav.ru/obrazovatelnyie-tsentryi/,site_text,,,,,no,0,base,
+77057077324,false,IStudy,Павлодар,KZ,other,,,,,C,,https://pavlodar.jsprav.ru/obrazovatelnyie-tsentryi/,site_text,,,,,no,0,base,+77764545289;+77773457755
+77714777120,false,Family club kids,Петропавловск,KZ,other,,,,,C,,https://petropavlovsk-kz.spravker.ru/detskie-razvivaiushchie/,catalog,,,,,no,0,base,+77052046011
+77077619719,false,Да Винчи,Петропавловск,KZ,other,,,,,C,,https://petropavlovsk-kz.spravker.ru/detskie-razvivaiushchie/,catalog,,,,,no,0,base,
+77776187424,false,Радуга,Петропавловск,KZ,other,,,,,C,,https://petropavlovsk-kz.spravker.ru/detskie-razvivaiushchie/,catalog,,,,,no,0,base,
+77084321591,false,Alice Club,Петропавловск,KZ,other,,,,,C,,https://petropavlovsk-kz.spravker.ru/detskie-razvivaiushchie/,catalog,,,,,no,0,base,
+77052208598,false,Талант,Петропавловск,KZ,other,,,,,C,,https://petropavlovsk-kz.spravker.ru/detskie-razvivaiushchie/,catalog,,,,,no,0,base,+77773253535;+77029872805
+77056609930,false,Качели,Петропавловск,KZ,other,,,,,C,,https://petropavlovsk-kz.spravker.ru/detskie-razvivaiushchie/,catalog,,,,,no,0,base,+77772588194;+77772947508
+77051195845,false,Говоруша,Петропавловск,KZ,other,,,,,C,,https://petropavlovsk-kz.spravker.ru/detskie-razvivaiushchie/,catalog,,,,,no,0,base,
+77057013345,false,Vadilena Kids Club,Петропавловск,KZ,other,,,,,C,,https://petropavlovsk-kz.spravker.ru/detskie-razvivaiushchie/,catalog,,,,,no,0,base,
+77716582554,false,Подсолнухи,Петропавловск,KZ,other,,,,,C,,https://petropavlovsk-kz.spravker.ru/detskie-razvivaiushchie/,catalog,,,,,no,0,base,
+77076793039,false,Таити,Петропавловск,KZ,other,,,,,C,,https://petropavlovsk-kz.spravker.ru/detskie-razvivaiushchie/,catalog,,,,,no,0,base,
+77773276023,false,Бастион,Петропавловск,KZ,other,,,,,C,,https://petropavlovsk-kz.spravker.ru/detskie-razvivaiushchie/,catalog,,,,,no,0,base,
+77077625412,false,Kid-Guru,Петропавловск,KZ,other,,,,,C,,https://petropavlovsk-kz.spravker.ru/detskie-razvivaiushchie/,catalog,,,,,no,0,base,
+77078509422,false,Умный ребенок,Петропавловск,KZ,other,,,,,C,,https://petropavlovsk-kz.spravker.ru/detskie-razvivaiushchie/,catalog,,,,,no,0,base,+77078509605;+77475094022
+77779678964,false,Ай-бөбек,Петропавловск,KZ,other,,,,,C,,https://petropavlovsk-kz.spravker.ru/detskie-razvivaiushchie/,catalog,,,,,no,0,base,+77058197564;+77076369037
+77472557043,false,Молодец!,Петропавловск,KZ,other,,,,,C,,https://petropavlovsk-kz.spravker.ru/detskie-razvivaiushchie/,catalog,,,,,no,0,base,
+77750609999,false,Smart Kids,Петропавловск,KZ,other,,,,,C,,https://petropavlovsk-kz.spravker.ru/detskie-razvivaiushchie/,catalog,,,,,no,0,base,+77059604988
+77076861191,false,Sanamaq,Петропавловск,KZ,other,,,,,C,,https://petropavlovsk-kz.spravker.ru/detskie-razvivaiushchie/,catalog,,,,,no,0,base,
+77473026690,false,ABC,Петропавловск,KZ,other,,,,,C,,https://petropavlovsk-kz.spravker.ru/detskie-razvivaiushchie/,catalog,,,,,no,0,base,
+77058616155,false,Три кота,Петропавловск,KZ,other,,,,,C,,https://petropavlovsk-kz.spravker.ru/detskie-razvivaiushchie/,catalog,,,,,no,0,base,
+77056230880,false,Алуа,Петропавловск,KZ,other,,,,,C,,https://petropavlovsk-kz.spravker.ru/detskie-razvivaiushchie/,catalog,,,,,no,0,base,
+77711693133,false,Синий трактор,Петропавловск,KZ,other,,,,,C,,https://petropavlovsk-kz.spravker.ru/detskie-razvivaiushchie/,catalog,,,,,no,0,base,
+77763431260,false,Happy Teacher,Петропавловск,KZ,other,,,,,C,,https://petropavlovsk-kz.spravker.ru/detskie-razvivaiushchie/,catalog,,,,,no,0,base,+77471792752
+77752136180,false,ЦентрКемек,Петропавловск,KZ,other,,,,,C,,https://petropavlovsk-kz.spravker.ru/detskie-razvivaiushchie/,catalog,,,,,no,0,base,
+77479947119,false,Step by Step,Петропавловск,KZ,other,,,,,C,,https://petropavlovsk-kz.spravker.ru/detskie-razvivaiushchie/,catalog,,,,,no,0,base,+77714069452
+77477779799,false,Fastrackids,Семей,KZ,other,,,,,C,,https://semei.spravker.ru/muzyikalnyie-shkolyi-i-uchilischa/fastrackids.htm,site_text,,,,,no,0,base,+77225522645
+77076608500,false,Дарын,Семей,KZ,other,,,,,C,,https://semei.spravker.ru/detskie-razvivaiushchie/daryn.htm,site_text,,,,,no,0,base,+77016705203;+77011256284
+77071201413,false,Kinder House,Семей,KZ,other,,,,,C,,https://semei.spravker.ru/org/akademiya-razvitiya-detej-kinder-house.htm,site_text,,,,,no,0,base,
+77079689237,false,Dania,Семей,KZ,other,,,,,C,,https://semei.spravker.ru/detskie-razvivaiushchie/dania.htm,site_text,,,,,no,0,base,+77757912176;+77477950485
+77757465613,false,Tamasha,Семей,KZ,other,,,,,C,,https://semei.spravker.ru/detskie-razvivaiushchie/tamasha-2.htm,site_text,,,,,no,0,base,+77759821762
+77788286025,false,Тулпар,Семей,KZ,other,,,,,C,,https://semei.spravker.ru/detskie-razvivaiushchie/tsentr-predshkolnogo-razvitiia.htm,site_text,,,,,no,0,base,+77784316325
+77775882614,false,Балдырган,Семей,KZ,other,,,,,C,,https://semei.spravker.ru/detskie-razvivaiushchie/baldyrgan.htm,site_text,,,,,no,0,base,
+77006606099,false,Шабыт,Семей,KZ,other,,,,,C,,https://semei.spravker.ru/detskie-razvivaiushchie/studiia-tvorchestva-shabyt.htm,site_text,,,,,no,0,base,
+77077250784,false,Центр развития детей Мамин помощник,Семей,KZ,other,,,,,C,,https://semei.spravker.ru/uchebnyie-tsentryi/tsentr-razvitiia-detei-mamin-pomoshchnik.htm,site_text,,,,,no,0,base,
+77779855910,false,Роса,Семей,KZ,other,,,,,C,,https://semei.spravker.ru/org/rosa.htm,site_text,,,,,no,0,base,
+77058111595,false,Маленький Академик,Семей,KZ,other,,,,,C,,https://semei.spravker.ru/detskie-razvivaiushchie/malenkii-akademik-1.htm,site_text,,,,,no,0,base,
+77070507222,false,Oi Sana,Семей,KZ,other,,,,,C,,https://semei.spravker.ru/kluby-dlia-detei-i-podrostkov/oi-sana.htm,site_text,,,,,no,0,base,
+77775478000,false,KIBERone,Семей,KZ,other,,,,,C,,https://semei.spravker.ru/kluby-dlia-detei-i-podrostkov/kiberone.htm,site_text,,,,,no,0,base,
+77477422296,false,Умка,Семей,KZ,other,,,,,C,,https://semei.spravker.ru/muzyikalnyie-shkolyi-i-uchilischa/baby-party.htm,site_text,,,,,no,0,base,+77777422296
+77001561987,false,Sapsan Semey,Семей,KZ,other,,,,,C,,https://semei.spravker.ru/detskie-razvivaiushchie/sapsan-education.htm,site_text,,,,,no,0,base,+77787155000
+77711921811,false,GeniУм,Семей,KZ,other,,,,,C,,https://semei.spravker.ru/detskie-semeinye-lageria/genium.htm,site_text,,,,,no,0,base,
+77773243019,false,Дария,Семей,KZ,other,,,,,C,,https://semei.spravker.ru/detskie-razvivaiushchie/dariia.htm,site_text,,,,,no,0,base,
+77076550068,false,Совёнок,Семей,KZ,other,,,,,C,,https://semei.spravker.ru/detskie-razvivaiushchie/sovionok.htm,site_text,,,,,no,0,base,
+77054993595,false,Бумфети,Семей,KZ,other,,,,,C,,https://semei.spravker.ru/kluby-dlia-detei-i-podrostkov/bumfeti.htm,site_text,,,,,no,0,base,
+77477084056,false,Little Sprouts,Семей,KZ,other,,,,,C,,https://semei.spravker.ru/razvitie-fonematicheskogo-slukha/little-sprouts-1.htm,site_text,,,,,no,0,base,
+77764890404,false,LogosKids centre,Семей,KZ,other,,,,,C,,https://semei.spravker.ru/artikuliatsionnaia-gimnastika/logoskids-centre.htm,site_text,,,,,no,0,base,
+77473092092,false,Logo kids,Семей,KZ,other,,,,,C,,https://semei.spravker.ru/artikuliatsionnaia-gimnastika/logo-kids.htm,site_text,,,,,no,0,base,
+77057976668,false,Zerde,Тараз,KZ,other,,,,,C,,https://ta.bebeshka.info/taraz/zerde-950069/,site_text,,,,,no,0,base,+77017398487
+77052932979,false,Robo Park,Тараз,KZ,other,,,,,C,,https://taraz.spravker.ru/detskie-razvivaiushchie/,catalog,,,,,no,0,base,+77054272229
+77778374774,false,Kiberone,Тараз,KZ,other,,,,,C,,https://taraz.spravker.ru/detskie-razvivaiushchie/,catalog,,,,,no,0,base,
+77770974005,false,Ай да я,Тараз,KZ,other,,,,,C,,https://taraz.spravker.ru/detskie-razvivaiushchie/,catalog,,,,,no,0,base,
+77769971545,false,Звёздочка,Тараз,KZ,other,,,,,C,,https://taraz.spravker.ru/detskie-razvivaiushchie/,catalog,,,,,no,0,base,
+77771701010,false,Нази-Росток,Тараз,KZ,other,,,,,C,,https://taraz.spravker.ru/detskie-razvivaiushchie/,catalog,,,,,no,0,base,+77716486003
+77766118282,false,Kunim-ai,Тараз,KZ,other,,,,,C,,https://taraz.spravker.ru/detskie-razvivaiushchie/,catalog,,,,,no,0,base,
+77059019567,false,Дошколенок,Тараз,KZ,other,,,,,C,,https://taraz.spravker.ru/detskie-razvivaiushchie/,catalog,,,,,no,0,base,
+77017682230,false,Центр предшкольной подготовки,Тараз,KZ,other,,,,,C,,https://taraz.spravker.ru/detskie-razvivaiushchie/,catalog,,,,,no,0,base,
+77022614673,false,Aishatai,Тараз,KZ,other,,,,,C,,https://taraz.spravker.ru/detskie-razvivaiushchie/,catalog,,,,,no,0,base,+77766597886
+77071708104,false,Школа скорочтения IQ007,Тараз,KZ,other,,,,,C,,https://taraz.spravker.ru/detskie-razvivaiushchie/,catalog,,,,,no,0,base,
+77475014192,false,Zerdeli Taraz,Тараз,KZ,other,,,,,C,,https://taraz.spravker.ru/detskie-razvivaiushchie/,catalog,,,,,no,0,base,+77766880823;+77711514192
+77059000122,false,Кораблик,Тараз,KZ,other,,,,,C,,https://taraz.spravker.ru/detskie-razvivaiushchie/,catalog,,,,,no,0,base,+77059086067;+77078869716
+77019340916,false,Вундеркинд,Тараз,KZ,other,,,,,C,,https://taraz.spravker.ru/detskie-razvivaiushchie/,catalog,,,,,no,0,base,
+77017537978,false,Star kids,Тараз,KZ,other,,,,,C,,https://taraz.spravker.ru/detskie-razvivaiushchie/,catalog,,,,,no,0,base,
+77057979277,false,Shabyt,Тараз,KZ,other,,,,,C,,https://taraz.spravker.ru/detskie-razvivaiushchie/,catalog,,,,,no,0,base,+77470258486;+77074203110
+77017626228,false,УмКа,Тараз,KZ,other,,,,,C,,https://taraz.spravker.ru/detskie-razvivaiushchie/,catalog,,,,,no,0,base,
+77477100182,false,Акыл Сыры,Тараз,KZ,other,,,,,C,,https://taraz.spravker.ru/detskie-razvivaiushchie/,catalog,,,,,no,0,base,+77770858566;+77756249756
+77059024517,false,Пчёлка,Тараз,KZ,other,,,,,C,,https://taraz.spravker.ru/detskie-razvivaiushchie/,catalog,,,,,no,0,base,
+77713433587,false,B_study_taraz,Тараз,KZ,other,,,,,C,,https://taraz.spravker.ru/detskie-razvivaiushchie/,catalog,,,,,no,0,base,
+77753330649,false,Dara Bala,Тараз,KZ,other,,,,,C,,https://taraz.spravker.ru/detskie-razvivaiushchie/,catalog,,,,,no,0,base,+77478694574
+77471721959,false,SinevaDos,Тараз,KZ,other,,,,,C,,https://taraz.spravker.ru/detskie-razvivaiushchie/,catalog,,,,,no,0,base,+77779777022;+77766622113;+77006648630
+77071063767,false,Интеллект,Тараз,KZ,other,,,,,C,,https://taraz.spravker.ru/detskie-razvivaiushchie/,catalog,,,,,no,0,base,+77770851228
+77474645535,false,Senim Pro,Тараз,KZ,other,,,,,C,,https://taraz.spravker.ru/detskie-razvivaiushchie/,catalog,,,,,no,0,base,+77082137095
+77018000287,false,Архимедика,Тараз,KZ,other,,,,,C,,https://taraz.spravker.ru/detskie-razvivaiushchie/,catalog,,,,,no,0,base,
+77015731377,false,Зерек,Тараз,KZ,other,,,,,C,,https://taraz.spravker.ru/detskie-razvivaiushchie/,catalog,,,,,no,0,base,
+77078801983,false,Арман,Тараз,KZ,other,,,,,C,,https://taraz.spravker.ru/detskie-razvivaiushchie/,catalog,,,,,no,0,base,+77476813984
+77778764648,false,Be smart,Тараз,KZ,other,,,,,C,,https://taraz.spravker.ru/detskie-razvivaiushchie/,catalog,,,,,no,0,base,+77475559060;+77474698537
+77079471784,false,Айсаби,Тараз,KZ,other,,,,,C,,https://taraz.spravker.ru/detskie-razvivaiushchie/,catalog,,,,,no,0,base,
+77771037901,false,Genius School,Тараз,KZ,other,,,,,C,,https://taraz.spravker.ru/detskie-razvivaiushchie/,catalog,,,,,no,0,base,
+77474798903,false,Болашак,Тараз,KZ,other,,,,,C,,https://taraz.spravker.ru/detskie-razvivaiushchie/,catalog,,,,,no,0,base,
+77771414465,false,Балама,Тараз,KZ,other,,,,,C,,https://taraz.spravker.ru/detskie-razvivaiushchie/,catalog,,,,,no,0,base,
+77776942533,false,Junior,Тараз,KZ,other,,,,,C,,https://taraz.spravker.ru/detskie-razvivaiushchie/,catalog,,,,,no,0,base,
+77027103442,false,Узнайка,Тараз,KZ,other,,,,,C,,https://taraz.spravker.ru/detskie-razvivaiushchie/,catalog,,,,,no,0,base,
+77029012777,false,Jumbo,Тараз,KZ,other,,,,,C,,https://taraz.spravker.ru/detskie-razvivaiushchie/,catalog,,,,,no,0,base,
+77053551033,false,Ulka_ustaz,Тараз,KZ,other,,,,,C,,https://taraz.spravker.ru/detskie-razvivaiushchie/,catalog,,,,,no,0,base,
+77059565388,false,Центр Технического Творчества,Тараз,KZ,other,,,,,C,,https://taraz.spravker.ru/detsko-iunosheskie-tsentry/,catalog,,,,,no,0,base,
+77019902399,false,Инжинириум МГТУ им. Баумана,Тараз,KZ,other,,,,,C,,https://taraz.spravker.ru/detsko-iunosheskie-tsentry/,catalog,,,,,no,0,base,+77029425101
+77085825350,false,Познавайка,Уральск,KZ,other,,,,,C,,https://uralsk.spravker.ru/uchebnyie-tsentryi/,catalog,,,,,no,0,base,
+77788304747,false,Al Farabi,Уральск,KZ,other,,,,,C,,https://uralsk.spravker.ru/uchebnyie-tsentryi/,catalog,,,,,no,0,base,
+77771832551,false,Kubik Rubik,Уральск,KZ,other,,,,,C,,https://uralsk.spravker.ru/uchebnyie-tsentryi/,catalog,,,,,no,0,base,
+77472563060,false,Развивайка Gul,Уральск,KZ,other,,,,,C,,https://uralsk.spravker.ru/uchebnyie-tsentryi/,catalog,,,,,no,0,base,
+77055450974,false,Золотая черепаха,Уральск,KZ,other,,,,,C,,https://uralsk.spravker.ru/uchebnyie-tsentryi/,catalog,,,,,no,0,base,+77475754005
+77718651548,false,Meyirim,Уральск,KZ,other,,,,,C,,https://uralsk.spravker.ru/uchebnyie-tsentryi/,catalog,,,,,no,0,base,+77056389803
+77770332714,false,Профессионал,Уральск,KZ,other,,,,,C,,https://uralsk.spravker.ru/uchebnyie-tsentryi/,catalog,,,,,no,0,base,
+77751950061,false,Super Start,Уральск,KZ,other,,,,,C,,https://uralsk.spravker.ru/uchebnyie-tsentryi/,catalog,,,,,no,0,base,
+77019626383,false,ПК Плюс,Уральск,KZ,other,,,,,C,центр информационных технологий (IT-курсы) в Уральске,https://uralsk.spravka.kz/nauka-i-obrazovanie/uchebnye-centry,site_text,,,,,no,0,base,+77003500016
+77767017101,false,A-Study,Уральск,KZ,other,,,,,C,учебный центр A-Study в Уральске,https://uralsk.spravka.kz/nauka-i-obrazovanie/uchebnye-centry,site_text,,,,,no,0,base,
+77772506482,false,Boom Kids,Усть-Каменогорск,KZ,other,,,,,C,Детский развивающий центр,https://ust-kamenogorsk.spravker.ru/uchebnyie-tsentryi/,catalog,,,,,no,0,base,
+77085210278,false,Кениж,Усть-Каменогорск,KZ,other,,,,,C,Детско-юношеский учебный центр,https://ust-kamenogorsk.spravker.ru/uchebnyie-tsentryi/,catalog,,,,,no,0,base,+77719134698;+77773754186;+77777419437;+77756447148
+77755195702,false,Tiamo,Усть-Каменогорск,KZ,other,,,,,C,Детский развивающий центр,https://ust-kamenogorsk.spravker.ru/uchebnyie-tsentryi/,catalog,,,,,no,0,base,+77056008111
+77074382704,false,Дарынды бала,Усть-Каменогорск,KZ,other,,,,,C,Детский образовательный центр,https://ust-kamenogorsk.spravker.ru/uchebnyie-tsentryi/,catalog,,,,,no,0,base,
+77076482330,false,Специалист,Усть-Каменогорск,KZ,other,,,,,C,Учебный центр,https://ust-kamenogorsk.spravker.ru/uchebnyie-tsentryi/,catalog,,,,,no,0,base,
+77776402299,false,Miras,Усть-Каменогорск,KZ,other,,,,,C,Учебный центр,https://ust-kamenogorsk.spravker.ru/uchebnyie-tsentryi/,catalog,,,,,no,0,base,
+77054440170,false,Novo Profi,Усть-Каменогорск,KZ,other,,,,,C,Учебный центр,https://ust-kamenogorsk.spravker.ru/uchebnyie-tsentryi/,catalog,,,,,no,0,base,
+77773281139,false,Альзас,Усть-Каменогорск,KZ,other,,,,,C,Учебный центр,https://ust-kamenogorsk.spravker.ru/uchebnyie-tsentryi/,catalog,,,,,no,0,base,+77052588373
+77777648933,false,Мята,Усть-Каменогорск,KZ,other,,,,,C,Учебный центр,https://ust-kamenogorsk.spravker.ru/uchebnyie-tsentryi/,catalog,,,,,no,0,base,+77055264010
+77470224720,false,Lider,Усть-Каменогорск,KZ,other,,,,,C,Учебный центр,https://ust-kamenogorsk.spravker.ru/uchebnyie-tsentryi/,catalog,,,,,no,0,base,
+77783007793,false,Dostyq,Усть-Каменогорск,KZ,other,,,,,C,Учебный центр,https://ust-kamenogorsk.spravker.ru/uchebnyie-tsentryi/,catalog,,,,,no,0,base,
+77753909305,false,Дана Бала,Усть-Каменогорск,KZ,other,,,,,C,,https://yk.kz/abcinfo/cz/czentryi-detskogo-tvorchestva/,catalog,,,,,no,0,base,
+77779822262,false,Монтессория,Усть-Каменогорск,KZ,other,,,,,C,,https://yk.kz/abcinfo/cz/czentryi-detskogo-tvorchestva/,catalog,,,,,no,0,base,
+77764701116,false,Алатау,Усть-Каменогорск,KZ,other,,,,,C,,https://yk.kz/abcinfo/cz/czentryi-detskogo-tvorchestva/,catalog,,,,,no,0,base,
+77764860010,false,АйДаУм,Усть-Каменогорск,KZ,other,,,,,C,,https://yk.kz/abcinfo/cz/czentryi-detskogo-tvorchestva/,catalog,,,,,no,0,base,
+77774478899,false,Goodwill,Усть-Каменогорск,KZ,other,,,,http://goodwillclub.kz/,C,,https://yk.kz/abcinfo/cz/czentryi-detskogo-tvorchestva/,catalog,,,,,no,0,base,
+77779857061,false,Көмек,Усть-Каменогорск,KZ,other,,,,,C,,https://yk.kz/abcinfo/cz/czentryi-detskogo-tvorchestva/,catalog,,,,,no,0,base,+77752258857
+77788239854,false,ALADDIN,Усть-Каменогорск,KZ,other,,,,,C,,https://yk.kz/abcinfo/cz/czentryi-detskogo-tvorchestva/,catalog,,,,,no,0,base,
+77055259000,false,Домик логопеда,Усть-Каменогорск,KZ,other,,,,,C,,https://yk.kz/abcinfo/cz/czentryi-detskogo-tvorchestva/,catalog,,,,,no,0,base,
+77055263786,false,Детская академия,Усть-Каменогорск,KZ,other,,,,,C,,https://yk.kz/abcinfo/cz/czentryi-detskogo-tvorchestva/,catalog,,,,,no,0,base,+77761696475
+77075137550,false,IQ007,Усть-Каменогорск,KZ,other,,,,,C,,https://yk.kz/abcinfo/cz/czentryi-detskogo-tvorchestva/,catalog,,,,,no,0,base,+77764113030
+77055277755,false,Я умничка,Усть-Каменогорск,KZ,other,,,,,C,,https://yk.kz/abcinfo/cz/czentryi-detskogo-tvorchestva/,catalog,,,,,no,0,base,+77089610896
+77779944315,false,Болашак,Усть-Каменогорск,KZ,other,,,,,C,,https://yk.kz/abcinfo/cz/czentryi-detskogo-tvorchestva/,catalog,,,,,no,0,base,
+77052388023,false,Калейдоскоп,Усть-Каменогорск,KZ,other,,,,,C,,https://yk.kz/abcinfo/cz/czentryi-detskogo-tvorchestva/,catalog,,,,,no,0,base,
+77777933225,false,IQ,Усть-Каменогорск,KZ,other,,,,,C,,https://yk.kz/abcinfo/cz/czentryi-detskogo-tvorchestva/,catalog,,,,,no,0,base,
+77772966740,false,Bastau,Усть-Каменогорск,KZ,other,,,,,C,,https://yk.kz/abcinfo/cz/czentryi-detskogo-tvorchestva/,catalog,,,,,no,0,base,
+77057643274,false,УникУм club,Усть-Каменогорск,KZ,other,,,,,C,,https://yk.kz/abcinfo/cz/czentryi-detskogo-tvorchestva/,catalog,,,,,no,0,base,
+77055044456,false,Вот так,Усть-Каменогорск,KZ,other,,,,,C,,https://yk.kz/abcinfo/cz/czentryi-detskogo-tvorchestva/,catalog,,,,,no,0,base,
+77054656825,false,РиР,Усть-Каменогорск,KZ,other,,,,,C,,https://yk.kz/abcinfo/cz/czentryi-detskogo-tvorchestva/2/,catalog,,,,,no,0,base,
+77017444491,false,SMARTKID,Усть-Каменогорск,KZ,other,,,,,C,,https://yk.kz/abcinfo/cz/czentryi-detskogo-tvorchestva/2/,catalog,,,,,no,0,base,+77059064606
+77055006761,false,Детство,Усть-Каменогорск,KZ,other,,,,,C,,https://yk.kz/abcinfo/cz/czentryi-detskogo-tvorchestva/2/,catalog,,,,,no,0,base,+77072461605
+77778540043,false,ProZnania,Усть-Каменогорск,KZ,other,,,,,C,,https://yk.kz/abcinfo/cz/czentryi-detskogo-tvorchestva/2/,catalog,,,,,no,0,base,
+77713691424,false,Познавайка,Усть-Каменогорск,KZ,other,,,,,C,,https://yk.kz/abcinfo/cz/czentryi-detskogo-tvorchestva/2/,catalog,,,,,no,0,base,
+77773502728,false,Три совы,Усть-Каменогорск,KZ,other,,,,,C,,https://yk.kz/abcinfo/cz/czentryi-detskogo-tvorchestva/2/,catalog,,,,,no,0,base,
+77767606668,false,Зерде,Усть-Каменогорск,KZ,other,,,,,C,,https://yk.kz/abcinfo/cz/czentryi-detskogo-tvorchestva/2/,catalog,,,,,no,0,base,+77764961906
+77055201110,false,Sapsan,Усть-Каменогорск,KZ,other,,,,,C,,https://yk.kz/abcinfo/cz/czentryi-detskogo-tvorchestva/2/,catalog,,,,,no,0,base,
+77771469019,false,SMARTUM,Усть-Каменогорск,KZ,other,,,,,C,,https://yk.kz/abcinfo/cz/czentryi-detskogo-tvorchestva/2/,catalog,,,,,no,0,base,+77088164241
+77056242278,false,Clever Star,Усть-Каменогорск,KZ,other,,,,,C,,https://yk.kz/abcinfo/cz/czentryi-detskogo-tvorchestva/2/,catalog,,,,,no,0,base,
+77053059317,false,Щын,Усть-Каменогорск,KZ,other,,,,,C,,https://yk.kz/abcinfo/cz/czentryi-detskogo-tvorchestva/2/,catalog,,,,,no,0,base,+77785762609
+77079727814,false,OZAT,Усть-Каменогорск,KZ,other,,,,,C,,https://yk.kz/abcinfo/cz/czentryi-detskogo-tvorchestva/2/,catalog,,,,,no,0,base,
+77759724668,false,UCMAS Kazakhstan,Усть-Каменогорск,KZ,other,,,,,C,,https://yk.kz/abcinfo/cz/czentryi-detskogo-tvorchestva/2/,catalog,,,,,no,0,base,
+77472958202,false,Supreme,Усть-Каменогорск,KZ,other,,,,,C,,https://yk.kz/abcinfo/cz/czentryi-detskogo-tvorchestva/2/,catalog,,,,,no,0,base,
+77775434329,false,Ромашкино,Усть-Каменогорск,KZ,other,,,,https://romashkino.kz/,C,,https://romashkino.kz/kontakty,site_text,,,,,no,0,base,+77771520062
+77754581617,false,Jasa Translations,Шымкент,KZ,other,,,,,C,,https://shymkent.spravker.ru/obuchenie-za-rubezhom/,catalog,,,,,no,0,base,
+77475303426,false,Globusok,Шымкент,KZ,other,,,,,C,,https://kursy-shymkent.kz/course/foreign/%D0%B0%D0%BD%D0%B3%D0%BB%D0%B8%D0%B9%D1%81%D0%BA%D0%B8%D0%B9,catalog,,,,,no,0,base,
+77053755555,false,Kids Club,Шымкент,KZ,other,,,,,C,,https://kursy-shymkent.kz/course/childs/doshkolnoe-obrazovanye,catalog,,,,,no,0,base,
+77759007868,false,Smartum Момышулы,Шымкент,KZ,other,,,,,C,,https://kursy-shymkent.kz/course/childs/doshkolnoe-obrazovanye,catalog,,,,,no,0,base,+77755044762
+77252290222,false,Talento,Шымкент,KZ,other,,,,,C,,https://kursy-shymkent.kz/course/childs/doshkolnoe-obrazovanye,catalog,,,,,no,0,base,
+77028257578,false,Балапан,Шымкент,KZ,other,,,,,C,,https://kursy-shymkent.kz/course/childs/doshkolnoe-obrazovanye,catalog,,,,,no,0,base,
+77080373784,false,Комек,Шымкент,KZ,other,,,,,C,,https://kursy-shymkent.kz/course/childs/doshkolnoe-obrazovanye,catalog,,,,,no,0,base,+77086960330
+77017457439,false,Оркен,Шымкент,KZ,other,,,,,C,,https://kursy-shymkent.kz/course/childs/doshkolnoe-obrazovanye,catalog,,,,,no,0,base,+77770940887;+77252280880
+77021501536,false,Росток,Шымкент,KZ,other,,,,,C,,https://kursy-shymkent.kz/course/childs/doshkolnoe-obrazovanye,catalog,,,,,no,0,base,+77252540487
+77057536585,false,Чудо-школа,Шымкент,KZ,other,,,,,C,,https://kursy-shymkent.kz/course/childs/doshkolnoe-obrazovanye,catalog,,,,,no,0,base,
+77019003939,false,Эстерле,Шымкент,KZ,other,,,,,C,,https://kursy-shymkent.kz/course/childs/doshkolnoe-obrazovanye,catalog,,,,,no,0,base,
+77471079974,false,Junior IT,Шымкент,KZ,other,,,,,C,,https://kursy-shymkent.kz/course/childs/programming-kids,catalog,,,,,no,0,base,
+77753357037,false,Robo Park,Шымкент,KZ,other,,,,,C,,https://kursy-shymkent.kz/course/childs/programming-kids,catalog,,,,,no,0,base,+77072450495
